Date,Station,Code,Max_Temp_C,Max_Depart,Min_Temp_C,Min_Depart,Humidity_%,Lat,Lon
2024-01-05,Kanpur Airforce,53.0,18.8,,14.6,,87.0,26.4167,80.3833
2024-01-05,Chamba,8205.0,,,3.0,0.0,,32.55,76.1167
2024-01-05,Faridabad,10001.0,,,,,,28.3833,77.3
2024-01-05,Bhadrak (Ranital),10002.0,28.2,0.0,,,54.0,21.05,86.4833
2024-01-05,Hamirpur,11001.0,,,,,,31.6833,76.5167
2024-01-05,Bokaro,13001.0,,,12.5,1.0,,23.65,86.15
2024-01-05,Deogarh,13002.0,,,11.5,,,24.4667,86.6833
2024-01-05,Giridih,13003.0,,,12.0,,,24.1833,86.3
2024-01-05,Thane,18001.0,,,,,,19.2167,72.9667
2024-01-05,Champhai,19001.0,,,,,,23.45,93.3167
2024-01-05,Kohima-Dimapur,21001.0,,,,,,25.9,93.7167
2024-01-05,Mokokchung,21002.0,,,,,,26.3833,94.5167
2024-01-05,Bhabanipatna,23001.0,28.5,1.0,13.5,3.0,56.0,19.8833,83.15
2024-01-05,Mangan,26001.0,21.6,,7.3,0.0,79.0,27.4833,88.5333
2024-01-05,Gyalsingh,26002.0,15.5,,6.2,,81.0,27.2833,88.25
2024-01-05,Namchi,26003.0,18.2,,6.8,,70.0,27.1667,88.3667
2024-01-05,Pakyong,26004.0,,,5.8,,,27.2167,88.5833
2024-01-05,Soreng,26005.0,,,,,,27.1667,88.1833
2024-01-05,Tawang,30001.0,8.6,,,,93.0,,
2024-01-05,Anni,30002.0,,,,,,28.7833,95.9
2024-01-05,Diskit Nubra,30003.0,4.9,,-8.4,,12.0,34.55,77.5333
2024-01-05,Patanitop,30004.0,,,2.8,,,33.0833,75.3333
2024-01-05,Mathura Vrindavan,30005.0,15.4,,12.8,,100.0,27.55,77.65
2024-01-05,Ooty,30006.0,17.9,,11.2,,90.0,11.4,76.6833
2024-01-05,Bekal,30007.0,,,,,,12.4167,75.0167
2024-01-05,Kollam,30008.0,,,,,,8.8833,76.6
2024-01-05,Varkala,30010.0,34.0,,,,70.0,8.7333,76.7
2024-01-05,Wayanand,30011.0,25.4,,19.6,,,11.6833,76.1167
2024-01-05,Chitrakoot,30012.0,,,,,,25.15,80.85
2024-01-05,Orchha,30013.0,,,,,,25.3667,78.6167
2024-01-05,Sanchi,30014.0,,,,,,23.4833,77.7333
2024-01-05,mamallapuram,30016.0,,,,,,12.6167,80.1833
2024-01-05,Rameshwaram,30017.0,,,,,,9.2833,79.3167
2024-01-05,Kumbalgarh,30021.0,,,,,,25.15,73.5833
2024-01-05,Lachung,30023.0,,,,,,27.6833,88.7333
2024-01-05,Pelling,30024.0,,,,,,27.3167,88.2333
2024-01-05,Panipat,30025.0,10.4,,7.5,,99.0,29.3833,76.95
2024-01-05,Baidyanath Dham,30026.0,,,11.5,,,24.4833,86.7
2024-01-05,Bodhgaya,30027.0,23.2,1.0,10.6,3.0,73.0,24.6833,84.9833
2024-01-05,Palakkad,30029.0,30.6,-1.0,22.9,1.0,61.0,10.7833,76.65
2024-01-05,Champawat,31001.0,,,4.2,,,29.3333,80.0833
2024-01-05,Chinchwad,31002.0,31.0,2.0,17.6,7.0,28.0,18.6167,73.7833
2024-01-05,Magarpatta,31003.0,30.1,1.0,19.3,9.0,32.0,18.5,73.9167
2024-01-05,Lavale,31004.0,33.0,4.0,18.4,8.0,38.0,18.5167,73.7167
2024-01-05,Barpeta,40001.0,,,,,,26.3167,90.9833
2024-01-05,Tapovan,40062.0,,,,,,30.4833,79.6333
2024-01-05,Gulmarg,42026.0,,,-3.5,3.0,,34.05,74.4
2024-01-05,Srinagar-City,42027.0,10.6,4.0,-3.0,-1.0,75.0,34.0833,74.8333
2024-01-05,Pahalgam,42028.0,10.1,6.0,-4.5,2.0,61.0,34.0167,75.3167
2024-01-05,Kupwara,42031.0,11.7,5.0,-2.6,0.0,55.0,34.4167,74.3
2024-01-05,Leh,42034.0,-0.4,,-10.5,,22.0,34.15,77.5667
2024-01-05,Batote,42043.0,13.6,3.0,3.0,2.0,44.0,33.1167,75.3167
2024-01-05,Qazigund,42044.0,10.2,3.0,-3.0,0.0,50.0,33.5833,75.0833
2024-01-05,Banihal,42045.0,15.6,4.0,-0.4,-1.0,50.0,33.5,75.1667
2024-01-05,Kukernag,42046.0,8.4,4.0,-2.0,1.0,54.0,33.3333,74.5
2024-01-05,Bhaderwah,42048.0,13.1,1.0,0.2,1.0,57.0,32.9833,75.7167
2024-01-05,Katra,42054.0,17.5,1.0,6.1,0.0,78.0,33.0,74.9
2024-01-05,Jammu-City,42056.0,10.6,-7.0,5.1,-2.0,81.0,32.7333,74.8667
2024-01-05,Pathankot,42057.0,,,6.8,,,32.25,75.6333
2024-01-05,Dalhousie,42059.0,,,4.1,1.0,,32.5333,75.9667
2024-01-05,Dharamshala,42062.0,19.2,4.0,6.2,0.0,78.0,32.2667,76.3833
2024-01-05,Keylong,42063.0,,,,,,32.9667,77.05
2024-01-05,Manali,42065.0,,,,,,32.2667,77.1667
2024-01-05,Kalpa,42066.0,10.3,5.0,-1.8,1.0,54.0,31.5167,78.2667
2024-01-05,Amritsar,42071.0,11.4,-6.0,6.6,3.0,95.0,31.6333,74.8667
2024-01-05,Kapurthala,42074.0,,,,,,31.3333,75.3333
2024-01-05,Jalandhar,42075.0,,,6.6,1.0,,31.4667,75.5833
2024-01-05,Kangra,42076.0,,,3.7,0.0,,32.1,76.2667
2024-01-05,Una,42077.0,19.4,0.0,1.5,-2.0,56.0,31.4667,76.2667
2024-01-05,Sundernagar,42079.0,21.0,4.0,0.5,-2.0,57.0,31.5333,76.8833
2024-01-05,Bilaspur,42080.0,,,,,,31.25,76.6667
2024-01-05,Kullu,42081.0,18.2,3.0,-0.9,-2.0,45.0,31.8333,77.1667
2024-01-05,Shimla-City,42083.0,13.2,2.0,4.0,1.0,54.0,31.1,77.1667
2024-01-05,Shimla-Airport,42084.0,,,5.2,,,31.0833,77.05
2024-01-05,Ferozepore,42096.0,,,,,,30.9167,74.6667
2024-01-05,Bhatinda,42097.0,13.4,-7.0,6.0,2.0,,30.1667,74.5833
2024-01-05,Ludhiana,42099.0,11.0,-6.0,6.6,0.0,92.0,30.9333,75.8667
2024-01-05,Patiala,42101.0,10.5,-8.0,6.3,0.0,95.0,30.3333,76.4667
2024-01-05,Ambala,42103.0,10.8,-7.0,6.6,0.0,95.0,30.3833,76.7667
2024-01-05,Nahan,42104.0,18.3,2.0,6.6,1.0,56.0,30.5667,77.2833
2024-01-05,Chandigarh-City,42105.0,16.4,-5.0,6.7,-1.0,88.0,30.7333,76.7667
2024-01-05,Chandigarh,42105.0,16.4,-5.0,6.7,-1.0,88.0,30.7333,76.7667
2024-01-05,Solan,42106.0,,,1.0,-1.0,,30.8333,77.1333
2024-01-05,Uttarkashi,42108.0,,,3.3,,,30.7333,78.45
2024-01-05,Dehradun-Mokhampur,42111.0,23.3,4.0,5.9,0.0,68.0,30.2667,78.0667
2024-01-05,Mussorie,42112.0,14.0,,4.9,,,30.45,78.0833
2024-01-05,Tehri,42114.0,15.5,0.0,3.0,,51.0,30.4,78.4833
2024-01-05,Joshimath,42116.0,,,5.4,,,30.55,79.5667
2024-01-05,Chamoli,42117.0,,,2.9,,,30.4,79.3333
2024-01-05,Sriganganagar,42123.0,12.5,-7.0,6.8,1.0,77.0,29.9167,73.8833
2024-01-05,Hisar,42131.0,12.0,-7.0,7.5,1.0,87.0,29.1667,75.7333
2024-01-05,Karnal,42137.0,10.2,,6.3,0.0,,29.7,77.0333
2024-01-05,Muzaffarnagar,42138.0,14.0,-4.0,4.7,-1.0,88.0,29.4667,77.7
2024-01-05,Meerut,42139.0,14.6,-7.0,8.2,1.0,88.0,29.0167,77.6333
2024-01-05,Bijnor,42143.0,19.4,1.0,6.5,-1.0,77.0,29.6167,78.3833
2024-01-05,Nainital,42146.0,,,,,,29.4,79.4667
2024-01-05,Mukteshwar,42147.0,11.6,-1.0,4.7,3.0,77.0,29.4667,79.65
2024-01-05,Pantnagar,42148.0,19.6,0.0,7.8,2.0,79.0,29.0333,79.4667
2024-01-05,Bikaner,42165.0,16.3,-7.0,2.8,-4.0,60.0,28.0,73.3
2024-01-05,Churu,42170.0,15.2,-7.0,5.4,0.0,71.0,28.25,74.9167
2024-01-05,Pilani,42174.0,,,6.2,1.0,,28.3333,75.5833
2024-01-05,Rohtak,42176.0,11.2,-8.0,10.0,4.0,87.0,28.8333,76.5833
2024-01-05,Narnaul,42177.0,11.0,-9.0,7.2,2.0,75.0,28.0,76.0833
2024-01-05,Gurgaon,42178.0,,,,,,28.4667,77.0333
2024-01-05,New Delhi-Ayanagar,42180.0,11.6,-5.0,9.8,3.0,88.0,28.4667,77.1333
2024-01-05,New Delhi-Palam,42181.0,11.4,-7.0,10.0,3.0,87.0,28.5667,77.1167
2024-01-05,New Delhi-Safdarjung,42182.0,12.5,-7.0,9.4,3.0,88.0,28.5833,77.2
2024-01-05,New Delhi-Ridge,42184.0,12.0,-5.0,9.1,1.0,85.0,28.6333,77.2833
2024-01-05,Moradabad,42187.0,15.4,-3.0,,,91.0,28.8333,78.75
2024-01-05,Bareilly,42189.0,15.1,-4.0,10.5,3.0,89.0,28.3667,79.4
2024-01-05,Gangtok-Tadong,42217.0,16.8,0.0,6.7,1.0,73.0,27.3333,88.6333
2024-01-05,Pasighat,42220.0,27.2,5.0,14.6,2.0,72.0,28.1,95.3833
2024-01-05,Nagaur,42242.0,,,,,,27.1667,73.6667
2024-01-05,Siker,42249.0,,,3.5,-1.0,,27.6167,75.1333
2024-01-05,Alwar,42255.0,,,7.5,0.0,,27.5,76.5833
2024-01-05,Bharatpur,42258.0,,,,,,27.2167,77.5
2024-01-05,Agra,42260.0,16.2,-7.0,11.5,,81.0,27.2,77.9833
2024-01-05,Aligarh,42262.0,15.4,-3.0,11.6,5.0,86.0,27.8833,78.0667
2024-01-05,Mainpuri,42265.0,,,,,,27.2333,79.05
2024-01-05,Shahjahanpur,42266.0,15.0,-4.0,10.8,4.0,83.0,27.8833,79.9
2024-01-05,Lakhimpur Kheri,42270.0,16.2,-3.0,10.0,1.0,79.0,27.9,80.8
2024-01-05,Hardoi,42271.0,16.0,-3.0,11.5,3.0,89.0,27.3833,80.1667
2024-01-05,Bahraich,42273.0,19.6,0.0,11.4,2.0,84.0,27.5667,81.6
2024-01-05,Darjeeling,42293.0,12.8,1.0,4.0,2.0,74.0,27.05,88.2667
2024-01-05,Kalimpong,42296.0,14.5,-2.0,8.5,1.0,63.0,27.0667,88.4667
2024-01-05,Gangtok,42299.0,12.6,0.0,5.7,1.0,73.0,27.3333,88.6167
2024-01-05,Itanagar,42308.0,21.8,,12.2,,75.0,27.1,93.6167
2024-01-05,North Lakhimpur,42309.0,26.5,3.0,8.4,0.0,79.0,27.2333,94.1167
2024-01-05,Sibsagar,42311.0,,,,,,26.9833,94.6333
2024-01-05,Dibrugarh,42314.0,26.2,3.0,8.9,0.0,68.0,27.4833,95.0167
2024-01-05,Tinsukia,42317.0,25.5,,6.0,,73.0,27.5,95.3667
2024-01-05,Jaisalmer,42328.0,16.4,-6.0,5.5,-3.0,59.0,26.9,70.9167
2024-01-05,Jodhpur,42339.0,22.0,-3.0,7.6,-2.0,37.0,26.3,73.0167
2024-01-05,Ajmer,42343.0,18.7,-5.0,4.8,-4.0,39.0,26.45,74.6167
2024-01-05,Jaipur-AMO Jaipur,42348.0,16.1,-6.0,7.4,-1.0,80.0,26.8167,75.8
2024-01-05,Tonk,42349.0,,,7.7,0.0,,26.1667,75.75
2024-01-05,Bhiwani,42350.0,8.9,,6.8,,,28.8333,76.1667
2024-01-05,Dholpur,42354.0,,,9.7,,,26.6667,77.8333
2024-01-05,Gwalior,42361.0,14.7,-7.0,7.9,2.0,88.0,26.2333,78.25
2024-01-05,Etawah,42364.0,15.0,-4.0,,,93.0,26.45,79.0167
2024-01-05,Kanpur,42366.0,17.0,-5.0,14.8,,87.0,26.4333,80.3667
2024-01-05,Kanpur Barra,42367.0,17.0,-4.0,12.6,5.0,87.0,26.2333,80.2333
2024-01-05,Lucknow-Airport,42369.0,17.2,-3.0,12.0,4.0,79.0,26.75,80.8833
2024-01-05,Barabanki,42370.0,,,12.8,5.0,,26.9333,81.1833
2024-01-05,Fursatganj,42372.0,16.8,,12.0,4.0,89.0,26.25,81.3667
2024-01-05,Faizabad,42374.0,20.5,,10.0,,62.0,26.75,82.0833
2024-01-05,Sultanpur,42377.0,20.6,1.0,11.6,12.0,90.0,26.3333,82.1667
2024-01-05,Gorakhpur,42379.0,22.2,2.0,11.9,3.0,64.0,26.75,83.3667
2024-01-05,Azamgarh,42381.0,,,13.5,,,26.05,83.2167
2024-01-05,Motihari,42383.0,23.6,2.0,10.5,,71.0,26.6667,84.9167
2024-01-05,Ballia,42384.0,21.0,1.0,11.5,2.0,75.0,25.8167,84.1833
2024-01-05,Muzaffarpur,42387.0,20.8,0.0,12.6,,77.0,26.1167,85.4
2024-01-05,Supaul,42393.0,,,11.0,2.0,,26.1333,86.5833
2024-01-05,Farbesganj,42395.0,26.6,4.0,11.2,,52.0,26.3,87.2667
2024-01-05,Siliguri,42397.0,28.4,,8.8,,76.0,26.7167,88.4167
2024-01-05,Jalpaiguri,42399.0,28.3,4.0,10.1,-1.0,66.0,26.5333,88.7167
2024-01-05,Coochbehar,42403.0,26.4,2.0,9.6,0.0,81.0,26.3333,89.4667
2024-01-05,Dhubri,42406.0,23.7,1.0,14.3,3.0,76.0,26.15,89.9167
2024-01-05,Goalpara,42407.0,23.8,,13.4,,94.0,26.1833,90.6333
2024-01-05,Guwahati-Airport,42410.0,27.0,4.0,12.5,2.0,73.0,26.1667,91.75
2024-01-05,Mazbat,42413.0,25.5,2.0,11.8,2.0,73.0,26.75,92.35
2024-01-05,Tezpur,42415.0,26.3,3.0,12.7,2.0,74.0,26.6167,92.7833
2024-01-05,Golaghat,42420.0,21.0,,14.0,,91.0,26.5167,93.9833
2024-01-05,Jorhat,42423.0,25.4,,8.4,,84.0,26.75,94.2
2024-01-05,Barmer,42435.0,24.5,-1.0,7.6,-2.0,30.0,25.75,71.3833
2024-01-05,Jalore,42439.0,,,6.4,,,25.35,72.6167
2024-01-05,Bhilwara,42447.0,,,8.3,2.0,,25.35,74.6333
2024-01-05,Bundi,42450.0,,,,,,25.45,75.6333
2024-01-05,Kota,42452.0,14.1,-9.0,10.5,0.0,84.0,25.15,75.85
2024-01-05,Sawai Madhopur,42453.0,,,,,,25.9833,76.3667
2024-01-05,Shivpuri,42459.0,,,,,,25.3333,77.65
2024-01-05,Jhansi,42463.0,16.2,-6.0,11.6,4.0,89.0,25.45,78.5833
2024-01-05,Hamirpur,42469.0,17.6,-1.0,,,87.0,25.95,80.1667
2024-01-05,Banda,42473.0,,,,,,25.4667,80.3667
2024-01-05,Prayagraj,42474.0,18.2,-3.0,14.9,6.0,90.0,25.45,81.7333
2024-01-05,Varanasi,42479.0,21.6,0.0,14.6,6.0,94.0,25.45,82.8667
2024-01-05,Varanasi BHU,42483.0,20.1,-1.0,13.0,5.0,92.0,25.3,83.0167
2024-01-05,Chapra,42488.0,23.1,2.0,12.4,12.0,80.0,25.7833,84.7333
2024-01-05,Patna-Airport,42492.0,22.8,1.0,12.2,3.0,90.0,25.6,85.1
2024-01-05,Bhagalpur,42498.0,21.7,1.0,11.7,0.0,83.0,25.2333,86.95
2024-01-05,Purnea,42500.0,22.7,0.0,9.9,1.0,82.0,25.7667,87.4667
2024-01-05,Malda,42503.0,23.4,0.0,14.3,2.0,69.0,25.0333,88.1333
2024-01-05,Cherrapunji,42515.0,20.7,5.0,7.2,1.0,86.0,25.25,91.7333
2024-01-05,Shillong,42516.0,16.5,2.0,4.9,-1.0,89.0,25.5667,91.8833
2024-01-05,Lumding,42523.0,29.6,7.0,11.3,4.0,75.0,25.75,93.1833
2024-01-05,Kohima,42527.0,18.5,,5.2,,70.0,25.6333,94.1667
2024-01-05,Deesa,42539.0,25.9,-1.0,10.5,0.0,28.0,24.2,72.2
2024-01-05,Mount Abu,42540.0,,,,,,24.6,72.7167
2024-01-05,Udaipur,42542.0,20.4,-3.0,6.8,0.0,63.0,24.6167,73.8833
2024-01-05,Chittorgarh,42546.0,,,8.0,2.0,,24.8833,74.6333
2024-01-05,Jhalawar,42555.0,,,,,,24.5333,76.1667
2024-01-05,Guna,42559.0,18.4,-6.0,13.9,6.0,90.0,24.65,77.3167
2024-01-05,Khajuraho,42567.0,16.6,-6.0,14.0,6.0,93.0,24.9833,79.9167
2024-01-05,Satna,42571.0,17.8,-5.0,14.9,7.0,86.0,24.5667,80.8333
2024-01-05,Rewa,42574.0,19.2,-4.0,14.2,7.0,83.0,24.5333,81.3
2024-01-05,Daltonganj,42587.0,26.0,2.0,13.4,5.0,74.0,24.05,84.0667
2024-01-05,Gaya,42591.0,23.2,1.0,10.6,3.0,73.0,24.75,84.95
2024-01-05,Dumka,42599.0,,,,,,24.2667,87.25
2024-01-05,Baharampur,42603.0,23.6,-1.0,12.6,1.0,74.0,24.1333,88.2667
2024-01-05,Kailashahar,42618.0,24.4,-2.0,12.4,1.0,83.0,24.3167,92.0
2024-01-05,Silchar,42619.0,26.8,2.0,14.6,3.0,70.0,24.8167,92.8
2024-01-05,Imphal,42623.0,21.3,0.0,6.6,3.0,71.0,24.7667,93.9
2024-01-05,Naliya,42631.0,27.1,-1.0,9.0,-1.0,30.0,23.25,68.85
2024-01-05,Bhuj,42634.0,26.9,0.0,11.2,1.0,20.0,23.25,69.6667
2024-01-05,Kandla,42639.0,27.4,2.0,14.0,0.0,39.0,23.0,70.2167
2024-01-05,Ahmedabad,42647.0,25.5,-3.0,13.8,2.0,46.0,23.0333,72.5833
2024-01-05,Gandhinagar,42654.0,25.4,,12.0,,43.0,23.1667,72.5833
2024-01-05,Banswada,42655.0,,,,,,23.55,74.45
2024-01-05,Ujjain,42662.0,19.0,-6.0,15.5,7.0,88.0,23.1833,75.7833
2024-01-05,Bhopal-Arera Hills,42667.0,16.7,-8.0,14.1,4.0,96.0,23.2833,77.35
2024-01-05,Sagar,42671.0,16.6,-7.0,11.7,1.0,94.0,23.85,78.75
2024-01-05,Jabalpur,42675.0,23.6,0.0,15.6,6.0,74.0,23.0167,79.95
2024-01-05,Umaria,42679.0,25.2,1.0,15.9,9.0,70.0,23.5333,80.8833
2024-01-05,Ambikapur,42693.0,27.6,6.0,13.4,5.0,54.0,23.1667,83.0167
2024-01-05,Ranchi,42701.0,24.6,1.0,13.6,5.0,59.0,23.3167,85.3167
2024-01-05,Asansol,42704.0,25.8,1.0,13.9,1.0,65.0,23.6667,86.95
2024-01-05,Bankura,42707.0,25.7,1.0,12.5,1.0,69.0,23.2333,87.0667
2024-01-05,Sriniketan,42708.0,24.6,0.0,11.5,0.0,67.0,23.65,87.7
2024-01-05,Burdwan,42709.0,25.5,1.0,13.2,1.0,81.0,23.2333,87.85
2024-01-05,Krishnanagar,42711.0,23.4,-1.0,10.0,-2.0,60.0,23.4,88.5167
2024-01-05,Agartala,42724.0,20.8,-5.0,13.1,1.0,96.0,23.8333,91.2667
2024-01-05,Aizwal,42726.0,24.7,,12.7,,92.0,23.7333,92.7333
2024-01-05,Aizwal-Lengpui,42727.0,24.7,,12.7,,92.0,23.8,92.6167
2024-01-05,Okha,42730.0,24.4,0.0,19.5,0.0,58.0,22.4833,69.1167
2024-01-05,Dwarka,42731.0,27.6,1.0,15.4,-1.0,37.0,22.3667,69.0833
2024-01-05,Rajkot,42737.0,28.9,1.0,10.4,-3.0,28.0,22.3,70.7833
2024-01-05,Surendranagar,42740.0,27.8,,12.7,,43.0,22.7333,71.6
2024-01-05,Baroda,42748.0,26.2,-3.0,14.6,1.0,67.0,22.3,73.1833
2024-01-05,Dhar,42752.0,20.0,-6.0,13.2,3.0,90.0,22.6,75.3
2024-01-05,Indore,42754.0,19.6,-6.0,15.0,5.0,89.0,22.7167,75.8
2024-01-05,Pachmarhi,42767.0,19.8,-1.0,11.4,5.0,80.0,22.4667,78.4333
2024-01-05,Seoni,42771.0,25.2,0.0,14.4,2.0,75.0,22.0833,79.55
2024-01-05,Mandla,42776.0,26.5,1.0,12.8,5.0,69.0,22.5833,80.3667
2024-01-05,Pendra,42779.0,26.5,3.0,13.8,4.0,55.0,22.7667,81.9
2024-01-05,Bilaspur,42782.0,28.0,,15.8,4.0,61.0,22.0833,82.15
2024-01-05,Sundergarh,42792.0,27.7,1.0,14.2,6.0,73.0,22.0167,84.0
2024-01-05,Rourkela,42793.0,26.8,,13.6,,62.0,22.2167,84.8833
2024-01-05,Chaibasa,42795.0,,,12.2,2.0,,22.55,85.8167
2024-01-05,Jamshedpur,42798.0,27.2,2.0,14.4,5.0,67.0,22.8167,86.1833
2024-01-05,Midnapore,42803.0,25.6,1.0,15.3,2.0,63.0,22.4167,87.3167
2024-01-05,Kolkata-Howrah,42805.0,25.5,2.0,,,66.0,22.5833,88.25
2024-01-05,Kolkata-Alipore,42807.0,25.0,0.0,15.9,2.0,69.0,22.5333,88.3333
2024-01-05,Kolkata-Dum Dum,42809.0,25.7,1.0,14.5,2.0,66.0,22.65,88.45
2024-01-05,Diamond Harbour,42811.0,27.3,2.0,15.7,2.0,79.0,22.1833,88.2
2024-01-05,Kolkata-Salt Lake,42816.0,26.7,,15.8,,68.0,22.5667,88.4333
2024-01-05,Porbandar,42830.0,29.6,1.0,12.6,-2.0,26.0,21.65,69.6667
2024-01-05,Amreli,42834.0,28.0,-1.0,11.4,0.0,20.0,21.6,71.2167
2024-01-05,Bhavnagar,42838.0,26.0,-2.0,13.9,0.0,42.0,21.75,72.1833
2024-01-05,Surat,42840.0,28.0,-3.0,16.4,1.0,67.0,21.2,72.8333
2024-01-05,Jalgaon,42851.0,29.0,0.0,17.0,5.0,57.0,21.05,75.5667
2024-01-05,Khandwa,42855.0,26.1,-2.0,14.4,4.0,73.0,21.8333,76.3667
2024-01-05,Betul,42860.0,25.2,-1.0,14.5,5.0,56.0,21.8667,77.9333
2024-01-05,Nagpur-Sonegaon Airport,42867.0,27.0,0.0,15.5,3.0,68.0,21.1,79.05
2024-01-05,Gondia,42871.0,27.8,0.0,14.8,2.0,58.0,21.4667,80.2
2024-01-05,Raipur-Mana,42872.0,27.9,1.0,15.4,3.0,46.0,21.1667,81.7333
2024-01-05,Raipur-Lalpur,42874.0,28.4,1.0,16.5,3.0,55.0,21.2167,81.6667
2024-01-05,Durg,42876.0,29.4,2.0,14.0,1.0,49.0,21.1833,81.2833
2024-01-05,Dhenkanal,42881.0,27.6,,14.7,,70.0,20.65,85.5833
2024-01-05,Sonepur,42882.0,28.5,0.0,13.9,0.0,61.0,20.85,83.8833
2024-01-05,Sambalpur,42883.0,27.6,1.0,15.4,5.0,74.0,21.4667,83.9667
2024-01-05,Jharsuguda,42886.0,28.3,1.0,13.6,2.0,63.0,21.9167,84.0833
2024-01-05,Keonjhargarh,42891.0,27.0,2.0,10.9,0.0,68.0,21.6167,85.5833
2024-01-05,Baripada,42894.0,26.0,1.0,,0.0,82.0,21.9333,86.7667
2024-01-05,Balasore,42895.0,27.6,2.0,16.1,3.0,74.0,21.5167,86.9333
2024-01-05,Digha,42901.0,27.0,2.0,14.8,1.0,73.0,21.6667,87.5333
2024-01-05,Veraval,42909.0,30.2,1.0,16.1,1.0,89.0,20.9,70.3667
2024-01-05,Diu,42914.0,30.3,3.0,9.7,-2.0,50.0,20.7167,70.9167
2024-01-05,Daman,42916.0,27.8,,17.4,,82.0,20.4167,72.85
2024-01-05,Nasik,42921.0,29.5,,12.8,2.0,19.0,20.0,73.7833
2024-01-05,Malegaon,42925.0,28.8,-1.0,16.6,6.0,52.0,20.55,74.5333
2024-01-05,Buldhana,42931.0,29.4,3.0,15.2,2.0,62.0,20.5333,76.2333
2024-01-05,Akola city,42933.0,30.4,2.0,17.6,4.0,55.0,20.7,77.0333
2024-01-05,Washim,42935.0,29.6,,15.6,1.0,69.0,20.1167,77.1333
2024-01-05,Amravati,42937.0,29.0,1.0,17.0,3.0,58.0,20.9333,77.7833
2024-01-05,Wardha,42939.0,27.5,1.0,17.0,4.0,57.0,20.6667,78.5833
2024-01-05,Yeotmal,42943.0,,,15.0,1.0,,20.4,78.15
2024-01-05,Brahmapuri,42946.0,30.3,2.0,15.5,3.0,60.0,20.6,79.85
2024-01-05,Gadchiroli,42947.0,29.0,,15.2,0.0,41.0,20.1833,79.9833
2024-01-05,Rajnandgaon,42948.0,28.0,6.0,,4.0,44.0,21.1,81.0333
2024-01-05,Titlagarh,42961.0,28.5,0.0,17.0,5.0,64.0,20.3,83.3
2024-01-05,Bolangir,42963.0,28.3,1.0,14.5,5.0,70.0,20.7,83.5
2024-01-05,Boudh,42964.0,29.5,0.0,14.6,0.0,93.0,20.8167,84.3167
2024-01-05,Pulbani,42966.0,24.6,-1.0,,0.0,83.0,20.4833,84.2667
2024-01-05,Angul,42969.0,27.7,0.0,11.0,-2.0,70.0,20.8333,85.1
2024-01-05,Bhubneshwar-Cuttack,42970.0,27.5,0.0,15.0,2.0,78.0,20.4667,85.9333
2024-01-05,Bhubneshwar-Airport,42971.0,27.8,0.0,15.0,0.0,56.0,20.25,85.8333
2024-01-05,Nayagarh,42972.0,27.0,0.0,15.0,0.0,61.0,20.1167,85.1
2024-01-05,Chandbali,42973.0,26.5,0.0,15.4,1.0,76.0,20.7833,86.7333
2024-01-05,Paradip,42976.0,27.5,1.0,16.3,0.0,68.0,20.3,86.6833
2024-01-05,Dahanu,43001.0,26.7,-1.0,17.4,0.0,85.0,19.9667,72.7167
2024-01-05,Mumbai-Santacruz,43003.0,31.0,0.0,18.5,1.0,51.0,19.1167,72.85
2024-01-05,Ahmednagar,43009.0,,,16.4,5.0,,19.0833,74.8
2024-01-05,Beed,43011.0,,,18.5,6.0,,19.0,75.7167
2024-01-05,Aurangabad,43014.0,29.0,1.0,15.6,4.0,48.0,19.85,75.35
2024-01-05,Parbhani,43017.0,29.6,1.0,17.5,5.0,51.0,19.2667,76.8333
2024-01-05,Nanded,43021.0,29.6,0.0,18.2,6.0,50.0,19.0833,77.3333
2024-01-05,"Adilabad
",43025.0,31.3,3.0,15.2,2.0,49.0,19.65,78.5333
2024-01-05,Chandrapur,43029.0,28.4,-1.0,15.0,2.0,56.0,19.9667,79.3
2024-01-05,Jagdalpur,43041.0,29.0,1.0,13.0,1.0,53.0,19.0833,82.0333
2024-01-05,Rayagada,43045.0,29.8,0.0,16.0,0.0,83.0,19.25,83.4
2024-01-05,Chhatrapur,43048.0,28.0,0.0,16.4,0.0,79.0,19.35,84.9833
2024-01-05,Gopalpur,43049.0,25.6,-2.0,16.1,0.0,61.0,19.2667,84.8833
2024-01-05,Puri,43053.0,27.0,0.0,17.1,0.0,64.0,19.8,85.8167
2024-01-05,Mumbai-Colaba,43057.0,27.5,-3.0,19.5,0.0,86.0,18.9333,72.8167
2024-01-05,Alibag,43058.0,28.7,0.0,15.7,-2.0,68.0,18.65,72.8667
2024-01-05,Pune-Shivajinagar,43063.0,30.4,2.0,14.0,3.0,31.0,18.5333,73.85
2024-01-05,Pune-Lohegaon Airport,43064.0,30.5,2.0,15.7,5.0,27.0,18.5833,73.9167
2024-01-05,Pune-Pashan,43067.0,28.0,-1.0,14.7,4.0,42.0,18.5333,73.85
2024-01-05,Jeur,43071.0,30.5,0.0,17.5,5.0,0.0,18.2667,75.1667
2024-01-05,Osmanabad,43075.0,,,17.0,3.0,,18.1667,76.05
2024-01-05,Udgir,43076.0,30.7,,16.7,,62.0,18.4,77.1167
2024-01-05,Nizamabad,43081.0,30.2,0.0,18.9,4.0,55.0,18.6667,78.1
2024-01-05,"Medak

",43083.0,29.0,-1.0,14.8,1.0,74.0,18.05,78.2667
2024-01-05,Ramagundam,43086.0,30.4,1.0,17.8,4.0,33.0,18.7667,79.4333
2024-01-05,Hanamkonda,43087.0,29.5,0.0,17.0,1.0,45.0,18.0167,79.5667
2024-01-05,Malkangiri,43091.0,29.9,0.0,17.5,0.0,67.0,18.3833,80.9667
2024-01-05,Koraput,43097.0,27.8,1.0,8.2,-4.0,57.0,18.8167,82.7167
2024-01-05,Paralakhemundi,43102.0,30.2,0.0,17.0,0.0,84.0,18.7667,84.0833
2024-01-05,Kalingapatnam,43105.0,26.1,-1.0,15.7,-1.0,70.0,18.3333,84.1333
2024-01-05,Harnai,43109.0,28.4,-1.0,20.6,-1.0,78.0,17.8167,73.1
2024-01-05,Ratnagiri,43110.0,33.1,2.0,20.2,1.0,62.0,16.9833,73.3333
2024-01-05,Mahabaleshwar,43111.0,26.1,1.0,15.3,3.0,57.0,17.9333,73.6667
2024-01-05,Satara,43113.0,30.2,1.0,17.2,5.0,44.0,17.7,74.0167
2024-01-05,Sholapur,43117.0,32.1,2.0,19.3,4.0,51.0,17.6667,75.9
2024-01-05,Kalaburgi,43121.0,31.7,1.0,18.7,3.0,42.0,17.35,76.85
2024-01-05,Bidar,43125.0,,,15.6,1.0,,17.9167,77.5333
2024-01-05,Hyderabad,43128.0,28.6,0.0,18.1,3.0,55.0,17.3833,78.4833
2024-01-05,"Nalgonda

",43133.0,29.5,-1.0,17.0,0.0,53.0,17.05,79.2667
2024-01-05,"Bhadrachalam

",43136.0,30.2,1.0,19.0,2.0,55.0,17.6667,80.8833
2024-01-05,"Khammam

",43137.0,31.4,3.0,19.0,2.0,56.0,17.25,80.15
2024-01-05,Tuni,43147.0,30.0,1.0,18.9,0.0,65.0,17.35,82.55
2024-01-05,Visakhapatnam,43150.0,27.5,0.0,20.7,0.0,71.0,17.6833,83.3
2024-01-05,Kolhapur,43157.0,29.1,0.0,19.9,5.0,53.0,16.7,74.2333
2024-01-05,Sangli,43158.0,29.4,-1.0,20.2,6.0,62.0,16.85,74.6
2024-01-05,Vijayapura,43161.0,,,15.4,1.0,,16.8167,75.7167
2024-01-05,"Mahabubnagar

",43168.0,30.0,-1.0,19.2,2.0,45.0,16.75,78.0
2024-01-05,Raichur,43169.0,,,19.6,3.0,,16.2,77.35
2024-01-05,Amaravati-AP,43176.0,30.5,,20.2,,55.0,16.5,80.5
2024-01-05,Amaravati-Gannavaram,43181.0,29.3,0.0,19.8,2.0,56.0,16.5167,80.7833
2024-01-05,Machilipatnam,43185.0,30.4,2.0,21.2,2.0,74.0,16.1833,81.1333
2024-01-05,Narasapur,43187.0,29.8,2.0,20.2,1.0,55.0,16.4333,81.6833
2024-01-05,Kakinada,43189.0,28.3,0.0,19.4,0.0,70.0,16.95,82.2333
2024-01-05,Panjim,43192.0,32.5,0.0,23.8,3.0,71.0,15.4833,73.8167
2024-01-05,Vengurla,43193.0,,,,,,15.8667,73.6333
2024-01-05,Belagavi,43198.0,29.4,1.0,17.6,4.0,48.0,15.85,74.6167
2024-01-05,Dharwad,43200.0,,,16.0,2.0,,15.45,75.0
2024-01-05,Gadag,43201.0,30.0,1.0,16.5,1.0,50.0,15.4167,75.6333
2024-01-05,Kurnool,43213.0,31.2,1.0,19.3,2.0,49.0,15.8333,78.0667
2024-01-05,Bapatla,43220.0,29.0,0.0,19.7,3.0,67.0,15.9,80.4667
2024-01-05,Ongole,43221.0,29.7,0.0,22.3,3.0,60.0,15.5667,80.05
2024-01-05,Karwar,43225.0,31.2,-2.0,22.9,4.0,70.0,14.7833,74.1333
2024-01-05,Honnavar,43226.0,,,20.8,1.0,,14.2833,74.45
2024-01-05,Chitradurga,43233.0,25.4,-3.0,16.7,0.0,72.0,14.2333,76.4333
2024-01-05,Anantapur,43237.0,28.3,-2.0,21.9,5.0,51.0,14.6833,77.6167
2024-01-05,Cuddappah,43241.0,30.6,0.0,21.6,3.0,64.0,14.4833,78.8333
2024-01-05,Kavali,43243.0,29.1,0.0,22.9,3.0,62.0,14.9,80.0
2024-01-05,Nellore,43245.0,29.3,0.0,23.2,3.0,70.0,14.45,79.9833
2024-01-05,Hassan,43263.0,28.8,1.0,12.4,-1.0,80.0,13.0,76.15
2024-01-05,Agati,43266.0,29.3,-2.0,24.2,-2.0,78.0,10.85,72.4667
2024-01-05,Tirupathi,43275.0,29.9,1.0,23.0,4.0,83.0,13.6667,79.5833
2024-01-05,Chennai-Nungambakkam,43278.0,30.2,1.0,23.6,2.0,98.0,13.0667,80.25
2024-01-05,Chennai- Meenambakkam,43279.0,30.2,1.0,22.5,2.0,93.0,13.0,80.1833
2024-01-05,Mangaluru,43284.0,26.0,-7.0,23.0,2.0,82.0,12.9167,74.8833
2024-01-05,Madikeri,43287.0,,,18.6,2.0,,12.4167,75.7333
2024-01-05,Mandya,43289.0,28.0,-1.0,19.5,3.0,83.0,12.5167,76.9
2024-01-05,Mysuru,43291.0,,,19.5,4.0,,12.2833,76.6333
2024-01-05,Bengaluru-City,43295.0,29.2,2.0,18.9,3.0,60.0,12.9667,77.5833
2024-01-05,Bengaluru-HAL Airport,43296.0,29.3,-1.0,17.4,2.0,50.0,12.95,77.6333
2024-01-05,Dharmapuri,43301.0,28.2,0.0,21.2,3.0,60.0,12.1333,78.0333
2024-01-05,Vellore,43303.0,29.7,1.0,22.9,5.0,69.0,12.9167,79.15
2024-01-05,Maya Bandar,43309.0,29.2,0.0,26.0,3.0,75.0,12.9167,92.9
2024-01-05,Amini Divi,43311.0,28.4,-3.0,23.2,0.0,98.0,11.1167,72.7333
2024-01-05,kozhikode,43314.0,31.4,-2.0,23.0,0.0,83.0,11.25,75.7833
2024-01-05,Kannur,43315.0,28.2,-4.0,23.4,2.0,89.0,11.9167,75.3667
2024-01-05,Coonoor,43318.0,17.3,-3.0,15.3,6.0,100.0,11.35,76.8
2024-01-05,Coimbatore,43321.0,28.2,-2.0,21.3,2.0,74.0,11.0333,77.05
2024-01-05,Salem,43325.0,31.1,0.0,22.7,3.0,61.0,11.65,78.1667
2024-01-05,Pondicherry,43328.0,29.7,,24.0,,,11.9167,79.8333
2024-01-05,Port Blair,43333.0,31.5,2.0,26.7,3.0,81.0,11.6667,92.7167
2024-01-05,Kavarati,43337.0,,,,,,10.5333,72.6167
2024-01-05,Kodaikanal,43339.0,15.2,-3.0,12.2,4.0,100.0,10.2333,77.4667
2024-01-05,Yercaud,43340.0,22.0,,12.0,,90.0,11.8,78.2167
2024-01-05,Tiruchirapalli,43344.0,30.5,1.0,23.6,3.0,76.0,10.7667,78.7167
2024-01-05,Karaikal,43346.0,29.3,1.0,24.4,2.0,83.0,10.9167,79.8333
2024-01-05,Nagapattinam,43347.0,30.0,1.0,24.5,2.0,83.0,10.7667,79.85
2024-01-05,Alappuzha,43352.0,33.3,1.0,24.0,2.0,73.0,9.55,76.4167
2024-01-05,Kochi,43353.0,,,24.2,1.0,,9.95,76.2667
2024-01-05,Punalur,43354.0,35.4,2.0,21.0,0.0,82.0,9.0,76.9167
2024-01-05,Kottayam,43355.0,34.0,1.0,22.6,1.0,66.0,9.5333,76.6
2024-01-05,Madurai,43360.0,32.2,2.0,23.1,2.0,62.0,9.8333,78.0833
2024-01-05,Tondi,43361.0,33.6,4.0,24.0,2.0,75.0,9.7333,79.0333
2024-01-05,Pamban,43363.0,31.0,2.0,26.4,2.0,78.0,9.2667,79.3
2024-01-05,Carnicobar,43367.0,,,,,80.0,9.15,92.75
2024-01-05,Minicoy,43369.0,29.2,-2.0,24.4,0.0,98.0,8.3,73.0
2024-01-05,Thiruvananthapuram-City,43371.0,35.4,3.0,25.2,3.0,64.0,8.4833,76.95
2024-01-05,Thiruvananthapuram- Airport,43372.0,32.8,1.0,25.0,2.0,72.0,8.4667,76.95
2024-01-05,Palayankottai,43376.0,30.0,-1.0,23.6,1.0,79.0,8.7333,77.75
2024-01-05,Kanyakumari,43377.0,32.7,2.0,25.4,2.0,66.0,8.0833,77.5
2024-01-05,Nancowrie,43382.0,30.6,0.0,27.0,3.0,86.0,7.9833,93.55
2024-01-05,Madhubani,50001.0,,,,,,26.3333,86.0667
2024-01-05,Nalanda,50002.0,,,,,,25.1167,85.45
2024-01-05,Aurangabad,50003.0,,,14.4,,,24.75,84.3667
2024-01-05,Rajgir,50004.0,,,,,,25.0167,85.4
2024-01-05,Mirpur,88803.0,,,1.9,,,33.2,73.7833
2024-01-05,Kasauli,88814.0,,,,,,30.9,76.95
2024-01-05,Spiti Valley,88815.0,,,,,,32.2333,78.0333
2024-01-05,Badami,88820.0,,,16.6,2.0,,15.9167,75.6667
2024-01-05,Gokarna,88821.0,34.1,1.0,22.9,3.0,81.0,14.5333,74.3167
2024-01-05,Hampi,88822.0,29.3,0.0,19.1,3.0,44.0,15.3333,76.45
2024-01-05,Bishnupur,88823.0,25.7,1.0,12.5,1.0,69.0,23.0667,87.3167
2024-01-05,Sunderban,88824.0,25.5,1.0,14.5,0.0,78.0,21.9333,89.1833
2024-01-05,Kaziranga,88825.0,,,,,,26.5667,93.1667
2024-01-05,Nagaon,88826.0,,,,,,26.3333,92.6833
2024-01-05,Nalbari,88827.0,28.1,,13.2,,91.0,26.4333,91.4333
2024-01-05,Lunglei,88828.0,,,,,,22.8667,92.75
2024-01-05,Kausani,88829.0,,,,,,29.85,79.6
2024-01-05,Lansdowne,88831.0,,,,,,29.85,78.6833
2024-01-05,Kargil,88832.0,4.0,,-8.5,,12.0,34.55,76.1333
2024-01-05,Nuapada,88833.0,28.4,0.0,13.0,0.0,57.0,20.8,82.5333
2024-01-05,khordha,88834.0,28.0,0.0,16.0,0.0,68.0,20.1833,85.6167
2024-01-05,Barkot,90003.0,,,,,,30.8,78.2
2024-01-05,Rishikesh,90014.0,,,,,,30.0833,78.2667
2024-01-05,Rudraprayag,90015.0,,,6.5,,,30.2833,78.9667
2024-01-05,Srinagar Uttrakhand,90017.0,,,,,,30.2167,78.7833
2024-01-05,Ukhimath,90018.0,,,,,,30.5,79.0833
2024-01-05,Anantnag,90020.0,,,-3.8,,,33.7167,75.1333
2024-01-05,Udhampur,90027.0,,,1.9,,,32.9,75.1333
2024-01-05,Kumarakom,90059.0,34.4,,24.3,,86.0,9.6167,76.4167
2024-01-05,Munnar,90060.0,,,,,,10.0833,77.05
2024-01-05,Vellanikara,90061.0,32.4,0.0,23.3,2.0,62.0,10.5333,76.2667
2024-01-05,Chikkamagaluru,90081.0,,,,,,,
2024-01-05,Kodagu,90082.0,,,,,,,
2024-01-05,Travancore,90083.0,,,,,,,
2024-01-05,Nilgiris,90085.0,,,,,,,
2024-01-05,Shevaroy,90086.0,,,,,,,
2024-01-05,Anaamalais,90087.0,,,,,,,
2024-01-05,Alluri Sitharamaraju,90088.0,,,,,,,
2024-01-05,Pusa,90141.0,12.5,-7.0,11.9,5.0,,28.6333,77.1667
2024-01-05,Jafarpur,90142.0,10.5,11.0,10.1,3.0,99.0,28.6167,77.1333
2024-01-05,Mungeshpur,90143.0,,,,,,28.8167,76.9667
2024-01-05,Najafgarh,90144.0,,,,,,28.6,77.0
2024-01-05,Pitampura,90145.0,12.6,-7.0,12.1,5.0,,28.6833,77.1333
2024-01-05,Salwan Public School,90146.0,12.5,-7.0,11.0,4.0,,28.6333,77.1833
2024-01-05,Khushinagar,90188.0,-0.1,,,,92.0,26.7333,83.8833
2024-01-05,JAJPUR,93252.0,27.5,0.0,15.8,0.0,78.0,20.85,86.3167
2024-01-05,DEOGARH,93255.0,25.2,0.0,15.2,0.0,82.0,21.5333,84.7167
2024-01-05,BARGARH,93256.0,26.0,0.0,15.5,0.0,74.0,21.3333,83.6333
2024-01-05,NABARANGPUR,93258.0,29.0,0.0,13.2,0.0,61.0,19.2833,82.5667
2024-01-05,JAGATSINGHPUR,93260.0,27.0,0.0,14.8,0.0,76.0,20.2667,86.1667
2024-01-05,KENDRAPARA,93261.0,26.4,0.0,14.6,0.0,78.0,20.5167,86.3667
2024-01-05,KALAVACHARLA,99362.0,,,16.5,,,17.1167,81.9
2024-01-05,VENKATARAMANNAGUDEM,99363.0,,,17.9,,,16.8667,81.45
2024-01-05,BANAVASI,99364.0,,,18.2,,,14.5167,75.0
2024-01-05,NELLORE_KVK,99365.0,,,23.1,,,14.4333,79.9833
2024-01-05,GARIKAPADU,99366.0,,,18.9,,,16.3333,79.7
2024-01-05,VIZIANAGARAM,99367.0,,,13.1,,,18.1,83.3833
2024-01-05,DARSI,99368.0,,,21.2,,,15.7667,79.6667
2024-01-05,AMADALAVALASA,99369.0,,,14.8,,,18.4,83.9
2024-01-05,UTKURU,99370.0,,,21.5,,,16.5667,80.2
2024-01-05,NAMSAI,99371.0,,,7.2,,,27.6667,95.85
2024-01-05,KARSINGSA,99372.0,,,10.8,,,27.1333,93.6
2024-01-05,TAWANG CHAMGBU,99373.0,,,-1.6,,,27.6167,91.75
2024-01-05,BAKSA,99374.0,,,10.7,,,26.6833,91.5833
2024-01-05,BARPETA KVK,99375.0,,,,,,26.4333,90.9667
2024-01-05,CACHER,99376.0,,,14.1,,,25.3333,93.0167
2024-01-05,MANGALDOI,99377.0,,,12.3,,,26.4333,92.0167
2024-01-05,DHUBRI KVK,99378.0,,,12.2,,,26.0167,89.9667
2024-01-05,DUDHNOI,99379.0,,,12.5,,,25.9833,90.7833
2024-01-05,HAILAKANDI,99380.0,,,16.3,,,24.6667,92.55
2024-01-05,UDI,99381.0,,,9.6,,,26.1333,91.7167
2024-01-05,ARARIA,99382.0,,,10.0,,,26.1167,87.45
2024-01-05,AURANGABAD BH KVK,99383.0,,,14.4,,,24.75,84.3667
2024-01-05,BANKA,99384.0,,,8.9,,,24.8833,86.9167
2024-01-05,BEGUSARAI,99385.0,,,10.4,,,25.4167,86.1167
2024-01-05,AGRICULTURE UNIVERSITY,99386.0,,,8.0,,,26.65,84.9
2024-01-05,EAST CHAMPARAN,99387.0,,,10.5,,,26.6,84.85
2024-01-05,JAMUI,99388.0,,,10.2,,,24.9167,86.2167
2024-01-05,KATIHAR,99389.0,,,11.2,,,25.55,87.55
2024-01-05,KHAGARIA,99390.0,,,10.9,,,25.5,86.4667
2024-01-05,SARAIYA,99391.0,,,12.4,,,26.15,85.0333
2024-01-05,NAWADA,99392.0,,,11.9,,,24.8833,85.5333
2024-01-05,PURNEA KVK,99393.0,22.7,0.0,9.9,,82.0,25.7667,87.4667
2024-01-05,SHEIKPURA,99394.0,,,11.2,,,25.1333,85.85
2024-01-05,SITAMARHI KVK,99395.0,,,9.2,,,26.5833,85.5
2024-01-05,BIJAPUR,99396.0,,,,,,16.8167,75.7
2024-01-05,DANTEWADA,99397.0,29.3,,14.2,,83.0,18.8833,81.3333
2024-01-05,DUMARBAHAR,99398.0,26.6,,12.8,,57.0,22.6,83.6667
2024-01-05,KANKER,99399.0,27.9,,13.2,,53.0,20.2667,81.4833
2024-01-05,LAKHANPUR,99400.0,27.1,,14.9,,,22.9667,83.0333
2024-01-05,KORIYA,99401.0,25.9,,14.5,,57.0,23.3833,82.3833
2024-01-05,MAHASAMUND,99402.0,,,,,,21.1,82.0833
2024-01-05,NARAYANPUR,99403.0,27.0,,12.2,,68.0,19.7167,81.2333
2024-01-05,RAJNANDAGAON KVK,99404.0,27.7,,15.4,,52.0,21.0833,81.0333
2024-01-05,BILASPUR KVK,99423.0,,,,,,31.3333,76.75
2024-01-05,CHAMBA SARU FARM,99424.0,,,3.0,0.0,,32.6,76.0833
2024-01-05,SUNDERNAGAR KVK,99425.0,,,0.5,,,31.5167,76.8833
2024-01-05,SIRMOUR DHULAKUAN,99426.0,,,5.7,,,30.45,77.4667
2024-01-05,BOKARO KVK,99431.0,,,13.3,,,23.6667,86.15
2024-01-05,CHATRA,99432.0,,,11.6,,,24.2,84.8667
2024-01-05,SUJANI,99433.0,,,11.5,,,24.5167,86.7
2024-01-05,GARHWA KVK,99434.0,,,12.8,,,24.15,83.7833
2024-01-05,GIRIDIH BENGABAD,99435.0,,,12.0,,,24.2833,86.35
2024-01-05,GODDA,99436.0,,,10.3,,,24.8167,87.2
2024-01-05,GUMLA BISHNUPUR,99437.0,,,12.7,,,23.3667,84.3667
2024-01-05,HAZARIBAG KVK,99438.0,,,12.3,,,23.9833,85.35
2024-01-05,DIYAKEL KHUNTI,99439.0,,,12.9,,,23.0667,85.2667
2024-01-05,LATEHAR BALUMATH,99440.0,,,13.4,,,23.8167,84.7833
2024-01-05,LOHARDAGA KVK,99441.0,,,12.1,,,23.4333,84.6833
2024-01-05,PAKUR KVK,99442.0,,,10.5,,,24.6333,87.85
2024-01-05,PALAMU DALTONGUNJ,99443.0,,,13.1,,,24.0333,84.0667
2024-01-05,RAMGARH KVK,99444.0,,,12.6,,,23.6333,85.5
2024-01-05,SAHIBGANJ KVK,99445.0,,,9.1,,,25.2333,87.6333
2024-01-05,BANO SIMDEGA,99446.0,,,13.1,,,22.6167,84.5167
2024-01-05,JAGANNATHPUR BAU,99447.0,,,11.1,,,23.3,85.3
2024-01-05,BAGALKOT,99448.0,,,16.6,2.0,,16.1667,75.6833
2024-01-05,HARDANHALLY,99450.0,,,,,,12.5667,76.2
2024-01-05,MUDIGERE,99451.0,,,,,,13.1333,75.6667
2024-01-05,HANUMAN MATTI,99452.0,,,,,,14.65,75.55
2024-01-05,GONIKOPPAL,99453.0,,,,,,12.1833,75.9167
2024-01-05,TAMAKA,99454.0,,,,,,13.1167,78.1667
2024-01-05,GANGAVATHI,99455.0,,,,,,15.4167,76.5167
2024-01-05,MANDYA KVK,99456.0,,,,,,12.5167,76.8833
2024-01-05,CHANDURAYANGHALLI,99457.0,,,,,,12.9667,77.1833
2024-01-05,KONEHALLI,99458.0,,,,,,13.2667,76.35
2024-01-05,KAWADIMATTI,99459.0,,,,,,16.5167,76.75
2024-01-05,KOTTARAKKARA,99460.0,35.1,,24.0,,63.0,9.0,76.7667
2024-01-05,THAVANUR,99461.0,32.3,,23.5,,85.0,10.8167,75.95
2024-01-05,PATTAMBI,99462.0,33.1,,22.8,,77.0,10.8,76.1833
2024-01-05,KAVARATTI KVK,99463.0,29.7,,24.7,,88.0,10.55,72.6333
2024-01-05,AURANGABAD MH KVK,99478.0,,,16.6,,,19.8667,75.3333
2024-01-05,NANDURBAR KVK,99483.0,,,,,,21.7333,74.1167
2024-01-05,TULGA,99484.0,,,17.9,,,18.0167,76.0833
2024-01-05,PALGHAR,99485.0,,,18.1,,,19.6833,72.7667
2024-01-05,MOHOL,99486.0,,,15.7,,,17.8,75.6333
2024-01-05,CHANDEL,99488.0,,,,,,24.3167,94.0
2024-01-05,TURA,99489.0,,,,,,25.5,90.2
2024-01-05,NONGSTOIN,99490.0,,,6.5,,,25.5167,91.25
2024-01-05,LENGPUI KVK,99491.0,,,14.6,,,23.8167,92.6167
2024-01-05,MOKOKCHUNG KVK,99492.0,,,9.4,,,26.3167,94.5
2024-01-05,ZUNHEBOTO KVK,99493.0,,,7.8,,,26.0,94.5167
2024-01-05,PUDUCHERRY KVK,99504.0,29.8,,22.6,,83.0,11.9333,79.8
2024-01-05,ANTA BARAN,99510.0,,,9.7,,,25.15,76.2833
2024-01-05,CHITTORGARH KVK,99511.0,,,,,,24.8667,74.6167
2024-01-05,DHOLPUR KVK,99512.0,,,9.7,,,26.6833,77.8833
2024-01-05,DUNGARPUR KVK,99513.0,,,11.0,,,23.8333,73.7
2024-01-05,HANUMANGARH KVK,99514.0,,,5.6,,,29.5667,74.3167
2024-01-05,JAISALMER KVK,99515.0,,,5.5,-3.0,,26.9,70.9
2024-01-05,JALORE KVK,99516.0,,,6.4,,,25.3333,72.6167
2024-01-05,KARAULI,99517.0,,,9.2,,,26.4833,77.0
2024-01-05,SIROHI,99518.0,,,5.7,,,24.8833,72.85
2024-01-05,VIRDHACHALAM,99521.0,29.0,,23.7,,99.0,11.5,79.3167
2024-01-05,PAPPARAPATTY,99522.0,28.2,,22.6,,59.0,12.2,78.05
2024-01-05,KATTAPAKKAM,99523.0,,,,,,13.0333,80.1167
2024-01-05,VAMBAN,99524.0,30.1,,23.5,,77.0,10.3667,78.9167
2024-01-05,RAMNADU,99525.0,29.6,,25.5,,0.0,9.35,78.8333
2024-01-05,SANDHIYUR,99526.0,30.2,,23.0,,65.0,11.55,78.1333
2024-01-05,SIRUGAMANI,99527.0,30.7,,24.1,,80.0,10.8833,78.5333
2024-01-05,TIRUR,99528.0,30.1,,23.9,,,10.9167,75.9167
2024-01-05,VIRINJIPURAM,99529.0,30.0,,22.7,,72.0,12.9167,79.0167
2024-01-05,ARUPPUKOTTAI,99530.0,30.9,,22.8,,69.0,9.5,78.1
2024-01-05,AGARTALA KVK,99535.0,,,,,,23.8167,91.2833
2024-01-05,MATELA,99536.0,,,-3.2,,,29.7833,79.1833
2024-01-05,NAINITAL JEOLIKOT,99537.0,,,5.3,,,29.3333,79.4833
2024-01-05,PITHORAGARH KVK,99538.0,,,5.0,,,29.5667,80.2167
2024-01-05,AZAMGARH,99539.0,21.5,,,,100.0,26.0667,83.1833
2024-01-05,BAGHPAT,99540.0,,,,,,28.9333,77.2167
2024-01-05,MOTIPUR HARHWA,99541.0,23.4,,11.7,,,27.5333,82.65
2024-01-05,BHADOHI,99542.0,19.1,,14.7,,,25.3667,82.5667
2024-01-05,BULANDSHAHAR KVK,99543.0,14.6,,,,100.0,28.4,77.8333
2024-01-05,CHANDAULI KVK,99544.0,19.6,,14.8,,100.0,25.25,83.25
2024-01-05,CHITRAKOOT KVK,99545.0,17.5,,15.7,,95.0,25.1667,80.85
2024-01-05,FATEHPUR KVK,99546.0,17.4,,14.5,,89.0,25.9167,80.7833
2024-01-05,GHAZIPUR,99547.0,22.7,,14.7,,87.0,25.5833,83.5667
2024-01-05,GORAKHPUR KVK,99548.0,,,10.1,,,26.75,83.3667
2024-01-05,JAUNPUR KVK,99549.0,20.5,,12.7,,100.0,25.7333,82.6833
2024-01-05,KANNAUJ ANAUGHI,99550.0,16.8,,12.4,,100.0,27.05,79.7667
2024-01-05,KUSHINAGAR KVK,99551.0,22.9,,9.9,,100.0,26.7333,83.8833
2024-01-05,MAINPURI KVK,99552.0,17.5,,12.4,,,27.2167,79.0167
2024-01-05,NIYAMATPUR,99553.0,14.1,,12.4,,100.0,23.7167,86.8667
2024-01-05,MOHANA,99554.0,21.9,,12.6,,81.0,27.2833,82.6333
2024-01-05,TISSUHI,99555.0,22.3,,14.9,,92.0,24.9167,82.7
2024-01-05,SANTINIKETAN BOLPUR,99556.0,,,,,,23.6667,87.6833
2024-01-05,RAMSHAI,99557.0,25.7,,9.1,,79.0,26.7167,88.85
2024-01-05,RATUA,99558.0,23.1,,8.9,,,25.1833,87.9167
2024-01-05,MURSHIDABAD,99559.0,24.9,,,,,24.1667,88.2667
2024-01-05,ASHOKNAGAR,99560.0,25.0,,12.6,,,22.4667,88.3333
2024-01-05,PURULIA,99561.0,25.3,2.0,11.1,-1.0,58.0,23.3167,86.35
2024-01-05,Pithoragarh,99911.0,17.6,,2.1,,59.0,29.5667,80.2167
2024-01-05,Almora,99912.0,,,,,,29.5833,79.65
2024-01-05,Kurukshetra,99915.0,9.8,,6.3,,100.0,29.9667,76.8667
2024-01-05,Sirsa,99916.0,14.0,,7.2,,,29.5333,75.0167
2024-01-05,Anandpur Sahib,99917.0,,,,,,31.25,76.5
2024-01-05,Haridwar,99918.0,,,,,,29.9333,78.15
2024-01-05,Hanumangarh,99919.0,,,5.6,,,29.6167,74.2833
2024-01-05,Pali,99920.0,,,5.8,-2.0,,25.7667,73.35
2024-01-05,New Delhi-Delhi University,99921.0,,,,,,28.6833,77.2167
2024-01-05,New Delhi-Narela,99922.0,11.9,-7.0,11.4,5.0,,28.85,77.0833
2024-01-05,New Delhi-Lodi Road,99923.0,12.6,-5.0,9.4,3.0,86.0,28.5833,77.2167
2024-01-05,Warangal,99925.0,,,17.0,1.0,,17.9667,79.5833
2024-01-05,Gautam Budhnagar,99926.0,13.0,,10.7,,99.0,28.5833,77.35
2024-01-05,Ghaziabad,99927.0,12.0,,10.3,,99.0,28.6667,77.4333
2024-01-05,Chandigarh- Airport,99928.0,,,8.4,1.0,,30.6833,76.7833
2024-01-05,Chandigarh Airport,99928.0,,,8.4,1.0,,30.6833,76.7833
2024-01-05,Chandigarh-Panchkula,99929.0,,,6.9,,,30.7,76.85
2024-01-05,Chandigarh-Mohali,99930.0,14.5,,7.8,,100.0,30.7,76.7167
2024-01-05,Hyderabad-Rajinder Nagar,99931.0,28.0,0.0,16.0,3.0,57.0,17.3333,78.3333
2024-01-05,Hyderabad-Hayathnagar,99932.0,27.6,0.0,18.0,4.0,71.0,17.3167,78.6
2024-01-05,Hyderabad-Hakimpet,99933.0,26.5,0.0,16.5,0.0,57.0,17.6167,78.4667
2024-01-05,Hyderabad-Icrisat Patancheru,99934.0,27.8,0.0,17.4,4.0,39.0,17.5,78.2667
2024-01-05,Ahmedabad-Airport,99935.0,26.7,,15.9,,59.0,23.0667,72.6333
2024-01-05,Ahmedabad-Navrangpura (S.P.Stadium),99936.0,,,13.8,,,23.05,72.5667
2024-01-05,Ahmedabad-Rakhiyal,99937.0,,,16.5,,,23.0167,72.6333
2024-01-05,Ahmedabad-Chandkheda,99938.0,,,15.0,,,23.1,72.5667
2024-01-05,Ahmedabad-Satellite Area (ISRO-SAC),99939.0,,,14.3,,,23.0167,72.5167
2024-01-05,Navi Mumbai (Panvel),99940.0,,,,,,18.9833,73.1167
2024-01-05,Mumbai-Borivali,99941.0,,,,,,19.2167,72.85
2024-01-05,Mumbai-Powai,99942.0,,,,,,19.1167,72.9
2024-01-05,Mumbai-Chembur,99943.0,,,,,,19.05,72.8833
2024-01-05,Mumbai-Mulund,99944.0,,,,,,19.1667,72.9333
2024-01-05,Mumbai-Worli,99945.0,,,,,,19.0167,72.8167
2024-01-05,Thiruvallikeni,99946.0,,,,,,13.05,80.2667
2024-01-05,Chennai-Madhavaram,99947.0,,,,,,13.15,80.2167
2024-01-05,Chennai-Ennore,99948.0,29.4,,23.8,,,13.2667,80.3333
2024-01-05,Bhubneshwar-OUAT,99949.0,,,,,,20.25,85.8
2024-01-05,Ranchi-Kanke,99950.0,,,14.7,,,23.4333,85.3167
2024-01-05,Dehradun-Karanpur,99951.0,,,,,,30.3167,78.05
2024-01-05,Dehradun-Jhajhara,99952.0,,,,,,30.3167,78.0167
2024-01-05,Dehradun-Sahastradhara,99953.0,,,,,,30.3667,78.1167
2024-01-05,Dehradun-Asharori,99954.0,,,,,,30.2333,77.9667
2024-01-05,Dehradun-UCOST,99955.0,,,,,,30.3333,77.9167
2024-01-05,Ahmedabad-Ambli-Bopal,99956.0,,,14.6,,,23.0333,72.45
2024-01-05,Ahmedabad-Raikhad,99957.0,,,16.3,,,23.0167,72.5667
2024-01-05,Ahmedabad-Pirana,99958.0,,,16.8,,,22.9667,72.55
2024-01-05,"Ahmedabad-IIPH,Gandhi Nagar",99959.0,,,12.3,,,23.2333,72.6833
2024-01-05,"Ahmedabad-Gift City, Gandhi Nagar",99960.0,,,12.4,,,23.15,72.6667
2024-01-05,Bengaluru-International Airport,99962.0,,,19.0,4.0,,13.1667,77.7
2024-01-05,Bengaluru-GKVK,99963.0,29.0,1.0,18.2,2.0,53.0,13.0,77.6167
2024-01-05,Jaipur-Vaishali Nagar,99966.0,,,7.4,0.0,,26.9,75.65
2024-01-05,Jaipur-Transport Nagar,99967.0,,,7.4,0.0,,26.9,75.8333
2024-01-05,Jaipur-Collectorate Circle,99968.0,,,7.4,0.0,,26.9167,75.7833
2024-01-05,Jaipur-Amer,99969.0,,,7.4,0.0,,26.9833,75.85
2024-01-05,Lucknow-Hanuman Setu,99970.0,,,,,,26.85,80.9333
2024-01-05,Lucknow-Control Room,99971.0,,,,,,26.8833,80.9333
2024-01-05,Lucknow-Malihabad,99972.0,,,,,,27.1167,81.1167
2024-01-05,Lucknow-Mohanlalganj,99973.0,,,,,,27.1167,80.5333
2024-01-05,Raipur-Labhandi,99974.0,,,14.0,,,21.2333,81.7
2024-01-05,Srinagar-Airport,99975.0,,,-1.2,,,34.0,74.75
2024-01-05,Srinagar-Dal Lake,99976.0,,,-3.0,-1.0,,34.1333,74.8667
2024-01-05,Bhopal-Airport,99977.0,,,,,,23.2833,77.3333
2024-01-05,Bhopal-Nabi Bagh,99978.0,,,,,,23.1333,77.4
2024-01-05,Guwahati-Dispur,99979.0,,,,,,26.1333,91.7833
2024-01-05,Jammu-Mata Vaishno Devi ji,99980.0,,,6.0,,,33.0333,74.95
2024-01-05,Jammu-Airport,99981.0,,,1.9,,,32.6833,74.8333
2024-01-05,Panjim-Pernem,99983.0,,,,,,15.7167,73.7833
2024-01-05,Panjim-Mapusa,99984.0,,,,,,15.6,73.8
2024-01-05,Panjim-Old Goa,99985.0,32.8,,23.1,,83.0,15.4667,73.9167
2024-01-05,Patna-City,99986.0,22.8,1.0,12.6,3.0,90.0,25.5833,85.2167
2024-01-05,Guwahati-IIT Guwahati,99987.0,,,,,,26.1833,91.6833
2024-01-05,Gilgit,99990.0,13.5,,-2.8,,45.0,35.9167,74.3
2024-01-05,Skardu,99991.0,6.0,,-8.6,,28.0,35.2833,74.6333
2024-01-05,Muzaffarabad,99996.0,,,3.2,,,34.35,73.4667
2024-01-05,"Dindigul IAF


",99997.0,27.8,0.0,17.6,2.0,57.0,17.3167,78.2167
2024-01-05,CHAKULIA,100001.0,,,,,,23.0333,84.5333
2024-01-05,DHANBAD,100002.0,,,,,,23.8333,86.4333
2024-01-05,GARHWA,100003.0,,,,,,24.1667,83.8167
2024-01-05,GUMLA,100004.0,,,,,,22.6167,84.5
2024-01-05,HAZARIBAGH,100005.0,,,,,,24.0167,85.3833
2024-01-05,KODERMA,100006.0,,,,,,24.4333,85.5333
2024-01-05,LOHARDAGA,100007.0,,,,,,23.4167,84.6833
2024-01-05,PAKUR,100008.0,,,,,,24.6333,87.8167
2024-01-05,Ramgarh,100009.0,,,,,,23.6167,85.5333
2024-01-05,SAHEBGANJ,100010.0,,,,,,25.2333,87.6333
2024-01-05,SIMDEGA,100011.0,,,13.1,,,22.6167,84.4833
2024-01-05,APMC CHINCHOLI,100012.0,,,,,,17.4333,77.4333
2024-01-05,AABU ROAD,100013.0,,,,,,24.4833,72.7667
2024-01-05,ANOOPGARH,100014.0,,,,,,29.1833,73.2167
2024-01-05,ANTA,100015.0,,,,,,25.1667,76.3167
2024-01-05,ATRU,100016.0,,,,,,24.8667,76.6667
2024-01-05,BAJJU,100017.0,,,,,,27.9333,72.5
2024-01-05,BALOTRA,100018.0,,,,,,25.8333,72.2333
2024-01-05,BANDIKUI,100019.0,,,,,,27.0333,76.5667
2024-01-05,BARAN,100020.0,,,,,,25.1,76.5
2024-01-05,BARISADRI,100021.0,,,,,,24.4167,74.4667
2024-01-05,BARODAMEV,100022.0,,,,,,27.4833,76.8667
2024-01-05,BASSI,100023.0,,,,,,26.8333,76.0667
2024-01-05,BAYANA,100024.0,,,,,,26.95,77.3333
2024-01-05,BEAWAR,100025.0,,,,,,26.0833,74.3167
2024-01-05,BEGU,100026.0,,,,,,24.9167,74.9167
2024-01-05,BHADRA,100027.0,,,,,,29.1,75.1667
2024-01-05,BHAWANI MANDI,100028.0,,,,,,24.4167,75.8167
2024-01-05,BHINMAL,100029.0,,,,,,25.0167,72.2833
2024-01-05,BIJAY NAGAR,100030.0,,,,,,25.9333,74.6333
2024-01-05,BIJOLIYA,100031.0,,,,,,25.1667,75.3333
2024-01-05,BILARA,100032.0,,,,,,26.1667,73.7167
2024-01-05,CHABRA,100033.0,,,,,,24.6833,76.85
2024-01-05,CHAKSU,100034.0,,,,,,26.6,75.9667
2024-01-05,CHIRAWA,100035.0,,,,,,28.2167,75.65
2024-01-05,CHOMEHLA,100036.0,,,,,,23.9333,75.6167
2024-01-05,CHOMU F AND V,100037.0,,,,,,27.1667,75.7333
2024-01-05,CHOMU GRAIN,100038.0,,,,,,27.1667,75.7333
2024-01-05,CHOTTISADRI,100039.0,,,,,,24.4333,74.6833
2024-01-05,DAUSA,100040.0,,,,,,26.9,76.3333
2024-01-05,DEEDWANA,100041.0,,,,,,27.4167,74.5833
2024-01-05,DEEG,100042.0,,,,,,27.4667,77.3167
2024-01-05,DEGANA,100043.0,,,,,,26.9,74.3333
2024-01-05,DEI,100044.0,,,,,,25.6833,75.9333
2024-01-05,DEOLI,100045.0,,,,,,25.7667,75.3667
2024-01-05,DOONI,100046.0,,,,,,25.8667,75.6
2024-01-05,DUNGARPUR,100047.0,,,,,,23.8667,73.7167
2024-01-05,FATEHNAGAR,100048.0,,,,,,24.8167,74.0833
2024-01-05,FATEHPUR,100049.0,,,3.7,,,27.9833,74.5
2024-01-05,GAJSINGHPUR,100050.0,,,,,,29.6667,73.4333
2024-01-05,GANGAPUR CITY,100051.0,,,,,,26.4833,76.6833
2024-01-05,GANGAPUR-RJ,100052.0,,,,,,25.2167,74.2667
2024-01-05,GHARSANA,100053.0,,,,,,29.0167,73.7333
2024-01-05,GOLUWALA,100054.0,,,,,,29.6333,74.0667
2024-01-05,GUDA GODJI,100055.0,,,,,,27.8833,75.5167
2024-01-05,HINDOUN,100056.0,,,,,,26.7667,77.0167
2024-01-05,IKLERA,100057.0,,,,,,24.4167,76.5667
2024-01-05,ITAWA,100058.0,,,,,,25.5333,76.3833
2024-01-05,JAITARAN,100059.0,,,,,,26.2,73.9333
2024-01-05,JAITSAR,100060.0,,,,,,29.35,73.6667
2024-01-05,KAMAN,100062.0,,,,,,27.6167,77.1833
2024-01-05,KAPASAN,100063.0,,,,,,24.8833,74.3
2024-01-05,KEKRI,100064.0,,,,,,25.9833,75.1667
2024-01-05,KESHORAIPATAN,100065.0,,,,,,25.3167,75.9333
2024-01-05,KESRISINGHPUR,100066.0,,,,,,29.95,73.6167
2024-01-05,KHAIRTHAL,100067.0,,,,,,27.8,76.7333
2024-01-05,KHAJUWALA,100068.0,,,,,,28.7,72.5833
2024-01-05,KHANPUR,100069.0,,,,,,24.7333,76.4
2024-01-05,KHERLI,100070.0,,,,,,27.2167,77.0333
2024-01-05,KISHANGARH RENWAL,100071.0,,,,,,26.9,75.2
2024-01-05,KOTPUTLI,100072.0,,,,,,27.6833,76.2
2024-01-05,KUCHAMANCITY,100073.0,,,,,,27.15,74.85
2024-01-05,LALSOT,100074.0,,,,,,26.5667,76.3333
2024-01-05,LOONKARANSAR,100075.0,,,,,,28.4833,73.7333
2024-01-05,M. KISHANGARH,100076.0,,,,,,26.5833,74.8667
2024-01-05,MAHUWA MANDAWAR,100077.0,,,,,,27.05,76.9333
2024-01-05,MAHUWA RJ,100078.0,,,,,,27.1667,76.8667
2024-01-05,MALPURA,100079.0,,,,,,26.3,75.3667
2024-01-05,MANDALGARH,100080.0,,,,,,25.2,75.0833
2024-01-05,MANDAWARI,100081.0,,,,,,27.1667,76.8667
2024-01-05,MERTA CITY,100082.0,,,,,,26.6333,74.0167
2024-01-05,NADBAI,100083.0,,,,,,27.5167,76.4833
2024-01-05,NAGAR,100084.0,,,,,,27.3833,76.4833
2024-01-05,NAWALGARH,100085.0,,,,,,27.8333,75.2667
2024-01-05,NEEM KA THANA,100086.0,,,,,,27.7333,75.7667
2024-01-05,NIMBAHERA,100087.0,,,,,,24.6167,74.6833
2024-01-05,NIWAI,100088.0,,,,,,26.3667,75.9333
2024-01-05,NOHAR,100089.0,,,,,,29.1833,74.7667
2024-01-05,NOKHA,100090.0,,,,,,27.55,73.45
2024-01-05,PADAMPUR,100091.0,,,,,,29.7167,73.6167
2024-01-05,PALSANA,100092.0,,,,,,27.4833,75.3667
2024-01-05,PHALODI,100093.0,,,,,,27.1167,72.3667
2024-01-05,PILIBANGA,100094.0,,,,,,29.4833,74.0667
2024-01-05,PIPARCITY,100095.0,,,,,,26.3833,73.55
2024-01-05,PRATAPGARH RJ,100096.0,,,,,,24.0333,74.7833
2024-01-05,RAISINGHNAGAR,100097.0,,,,,,29.5333,73.4333
2024-01-05,RAJDHANI MANDI KUKARKHERA,100098.0,,,,,,26.9833,75.7667
2024-01-05,RAMGANJ MANDI,100099.0,,,,,,24.6333,75.9333
2024-01-05,RANI,100100.0,,,,,,25.3333,73.3167
2024-01-05,RANIWARA,100101.0,,,,,,24.75,72.2
2024-01-05,RATANGARH,100102.0,,,,,,28.0667,74.6167
2024-01-05,RAWATSAR,100103.0,,,,,,29.2667,74.4167
2024-01-05,RAWLA,100104.0,,,,,,28.85,72.8833
2024-01-05,SADULPUR,100105.0,,,,,,28.6333,75.3833
2024-01-05,SADULSHAHAR,100106.0,,,,,,29.9167,74.1833
2024-01-05,SANCHORE,100107.0,,,,,,24.7667,71.85
2024-01-05,SANGARIYA,100108.0,,,,,,29.7833,74.4667
2024-01-05,SARDAR SHAHAR,100109.0,,,,,,28.4167,74.4833
2024-01-05,SHAHPURA,100110.0,,,,,,25.6333,74.9333
2024-01-05,SOJAT ROAD,100111.0,,,,,,25.8667,73.75
2024-01-05,SRI DUNGARGARH,100112.0,,,,,,28.0667,74.0
2024-01-05,SRI MADHOPUR,100113.0,,,,,,27.4667,75.6
2024-01-05,SRI VIJAYNAGAR,100114.0,,,,,,29.25,73.5
2024-01-05,SRIGANGANAGAR F AND V,100115.0,,,,,,29.9167,73.8667
2024-01-05,SRIKARANPUR,100116.0,,,,,,29.85,73.4667
2024-01-05,SUJANGARH,100117.0,,,,,,27.7167,74.4833
2024-01-05,SUMERGANJ,100118.0,,,,,,25.7333,76.2167
2024-01-05,SUMERPUR,100119.0,,,,,,25.15,73.0833
2024-01-05,SURAJGARH,100120.0,,,,,,28.3,75.7333
2024-01-05,SURATGARH,100121.0,,,,,,29.3167,73.9
2024-01-05,UNIYARA,100122.0,,,,,,25.9167,76.0333
2024-01-05,ACHHALDA APMC,100123.0,,,,,,26.7167,79.4167
2024-01-05,ACHNERA,100124.0,,,,,,27.1833,77.7667
2024-01-05,AJUHA,100125.0,,,,,,25.7,81.25
2024-01-05,AKBARPUR,100126.0,,,,,,26.4333,82.55
2024-01-05,ANAND NAGAR APMC,100127.0,,,,,,27.1,83.2833
2024-01-05,ATARRA APMC,100128.0,,,,,,25.2833,80.5833
2024-01-05,AURAIYA,100129.0,,,,,,26.4667,79.4833
2024-01-05,BADAUN,100130.0,,,,,,28.0333,79.1167
2024-01-05,BALRAMPUR APMC,100131.0,,,,,,27.4333,82.1833
2024-01-05,BANGARMAU,100132.0,,,,,,26.8833,80.2167
2024-01-05,BASTI,100133.0,,,,,,26.8333,82.7667
2024-01-05,BHARTHANA,100134.0,,,,,,26.75,79.2
2024-01-05,BHARUASUMERPUR,100135.0,,,,,,25.8333,80.15
2024-01-05,BILSI,100136.0,,,,,,28.1167,78.9167
2024-01-05,BINDIKI,100137.0,,,,,,26.0333,80.5833
2024-01-05,BISALPUR,100138.0,,,,,,28.2833,79.8167
2024-01-05,BULANDSHAHAR,100139.0,,,,,,28.4167,77.8833
2024-01-05,CHANDAULI,100140.0,,,14.8,,,25.3,83.2333
2024-01-05,CHANDAUSI,100141.0,,,,,,28.4667,78.7667
2024-01-05,CHARRA,100142.0,,,,,,27.9333,78.4
2024-01-05,CHAUBEPUR,100143.0,,,,,,26.6167,80.1833
2024-01-05,CHIBRAMAU,100144.0,,,,,,27.15,79.4667
2024-01-05,DADRI UP,100145.0,,,,,,28.5667,77.55
2024-01-05,DEORIA,100146.0,,,,,,26.4667,83.7833
2024-01-05,ETAH,100147.0,,,,,,27.55,78.6833
2024-01-05,FARRUKHABAD,100148.0,,,,,,27.3,79.3667
2024-01-05,FATEHPUR APMC,100149.0,,,,,,25.9,80.7833
2024-01-05,FATEHPUR SIKRI,100150.0,,,,,,27.1,77.2667
2024-01-05,FIROZABAD APMC,100151.0,,,,,,27.1667,78.4
2024-01-05,GHIROR,100152.0,,,,,,27.1833,78.8167
2024-01-05,GOLAGOKARNATH,100153.0,,,,,,28.0833,80.4667
2024-01-05,HAPUR,100154.0,,,,,,28.7333,77.8167
2024-01-05,HASANPUR APMC,100155.0,,,,,,28.7333,78.2833
2024-01-05,HATHRAS,100156.0,,,,,,27.6167,78.0667
2024-01-05,JAIS,100157.0,,,,,,26.2667,81.5333
2024-01-05,JALALABAD APMC,100158.0,,,,,,27.7333,79.65
2024-01-05,JALAUN,100159.0,,,,,,26.1333,79.3333
2024-01-05,JANGIPURA,100160.0,,,,,,25.65,83.5667
2024-01-05,JAUNPUR APMC,100161.0,,,12.7,,,25.7667,82.7167
2024-01-05,KAIMGANJ,100162.0,,,,,,27.55,79.3167
2024-01-05,KANNAUJ,100163.0,,,,,,27.0333,79.9
2024-01-05,KARWI APMC,100164.0,,,,,,25.2167,80.9333
2024-01-05,KASGANJ,100165.0,,,,,,27.8,78.6333
2024-01-05,KHAIR,100166.0,,,,,,27.9333,77.8333
2024-01-05,KHALILABAD,100167.0,,,,,,26.7667,83.0333
2024-01-05,KHURJA,100168.0,,,,,,28.25,77.85
2024-01-05,KONCH,100169.0,,,,,,26.0,79.1667
2024-01-05,KOSIKALAN,100170.0,,,,,,27.7833,77.4333
2024-01-05,LALITPUR,100171.0,,,,,,24.7,78.4167
2024-01-05,MADHOGANJ,100172.0,,,,,,27.4,79.8667
2024-01-05,MAHMUDABAD,100173.0,,,,,,27.3,81.1167
2024-01-05,MAHOBA,100174.0,,,,,,25.2833,79.8667
2024-01-05,MAURANIPUR,100175.0,,,,,,25.4333,78.5833
2024-01-05,MILAK,100176.0,,,,,,28.6167,79.1667
2024-01-05,MIRZAPUR,100177.0,,,,,,25.1333,82.5667
2024-01-05,MUSKERA,100178.0,,,,,,25.6667,79.8
2024-01-05,NAANPARA,100179.0,,,,,,27.8667,81.5
2024-01-05,NAJIBABAD APMC,100180.0,,,,,,29.6167,78.3667
2024-01-05,NAUGARH APMC,100181.0,,,,,,27.2833,83.0833
2024-01-05,NAUTANWA APMC,100182.0,,,,,,27.4333,83.4333
2024-01-05,NAWABGANJ APMC,100183.0,,,,,,26.8667,82.1333
2024-01-05,PALIA KALAN,100184.0,,,,,,28.4333,80.5667
2024-01-05,PARTAWAL,100185.0,,,,,,26.9667,83.6167
2024-01-05,POWAYAN,100186.0,,,,,,28.0667,80.0833
2024-01-05,PRATAPGARH,100187.0,,,,,,25.7,81.5167
2024-01-05,HINGOLI,100188.0,,,,,,25.45,81.7667
2024-01-05,PURANPUR,100189.0,,,,,,28.5167,80.1
2024-01-05,RAMPUR,100191.0,,,,,,28.8333,79.0333
2024-01-05,RASRA APMC,100193.0,,,,,,25.8667,83.8333
2024-01-05,RATH,100194.0,,,,,,25.6,79.5667
2024-01-05,ROBERTSGANJ,100195.0,,,,,,24.6833,83.0667
2024-01-05,SADABAD APMC,100196.0,,,,,,27.4167,78.0333
2024-01-05,SAFDARGANJ,100197.0,,,,,,26.9,81.3333
2024-01-05,SAHIYAPUR,100198.0,,,,,,27.4167,81.85
2024-01-05,SAHJANWA APMC,100199.0,,,,,,26.7667,83.2167
2024-01-05,SAMBHAL APMC,100200.0,,,,,,28.5833,78.5667
2024-01-05,SANDILA APMC,100201.0,,,,,,27.0667,80.4833
2024-01-05,SHAGANJ,100202.0,,,,,,26.05,82.6833
2024-01-05,SHAHBAD HARDOI,100203.0,,,,,,27.6667,79.9333
2024-01-05,SHAMLI,100204.0,,,,,,29.5833,77.4167
2024-01-05,SHIKOHABAD,100205.0,,,,,,27.1167,78.5667
2024-01-05,SIRSAGANJ,100206.0,,,,,,27.05,78.6833
2024-01-05,TIKUNIYA,100208.0,,,,,,28.3833,80.9833
2024-01-05,TULSIPUR APMC,100209.0,,,,,,27.5333,82.4
2024-01-05,TUNDLA,100210.0,,,,,,27.2333,78.25
2024-01-05,UJHANI,100211.0,,,,,,28.0,79.0167
2024-01-05,UNNAO APMC,100212.0,,,,,,26.5333,80.5167
2024-01-05,URAI,100213.0,,,,,,26.0,79.3833
2024-01-05,WAZIRGANJ APMC,100214.0,,,,,,28.2167,79.0667
2024-01-05,BAZPUR,100215.0,,,,,,29.1667,79.15
2024-01-05,GADARPUR,100216.0,,,,,,29.1667,79.15
2024-01-05,HALDWANI,100217.0,,,,,,29.2,79.4833
2024-01-05,JASPUR,100218.0,,,,,,29.2833,78.8333
2024-01-05,KASHIPUR,100219.0,,,,,,29.2167,78.9333
2024-01-05,KHATIMA,100220.0,,,,,,28.9167,79.9667
2024-01-05,NANAKMATTA,100221.0,,,,,,28.9333,79.8
2024-01-05,RAMNAGAR,100222.0,,,,,,28.9667,79.4167
2024-01-05,ROORKEE,100223.0,,,,,,29.8833,77.8667
2024-01-05,SITARGANJ,100224.0,,,,,,28.9167,79.7
2024-01-05,VIKASNAGAR,100225.0,,,,,,30.4667,77.7667
2024-01-05,BAGDA KRISHAK BAZAR,100226.0,,,,,,23.35,87.05
2024-01-05,BETHUADAHARI PRINCIPAL MARKET YARD,100227.0,,,,,,23.6167,88.3667
2024-01-05,BISHNUPUR,100228.0,,,,,,23.1333,87.3333
2024-01-05,DHUPGURI PRINCIPAL MARKET YARD,100229.0,,,,,,26.5833,89.0
2024-01-05,FALAKATA,100230.0,,,,,,26.5833,89.2167
2024-01-05,GANGARAMPUR,100231.0,,,,,,25.5667,88.3667
2024-01-05,ISLAMPUR PRINCIPAL MARKET YARD,100232.0,,,,,,26.2667,88.1833
2024-01-05,JIYAGANJ KRISHAK BAZAR,100233.0,,,,,,24.25,88.2833
2024-01-05,KALNA SUB MARKET YARD,100234.0,,,,,,23.2167,88.35
2024-01-05,KARIMPUR SUBMARKET YARD,100235.0,,,,,,23.9833,88.6333
2024-01-05,MOHAMAD BAZAR KRISHAK BAZAR,100236.0,,,,,,23.9833,87.5667
2024-01-05,NAKASHIPARA KRISHAK BAZAR,100237.0,,,,,,23.6167,88.3667
2024-01-05,PANSKURA I KRISHAK BAZAR,100238.0,,,,,,22.4,87.7333
2024-01-05,SAMSHERGANJ KRISHAK BAZAR,100239.0,,,,,,24.6667,87.9333
2024-01-05,SAMSI SUB MARKET YARD,100240.0,,,,,,25.2167,88.0
2024-01-05,SHEORAPHULI,100241.0,,,,,,22.8,88.3167
2024-01-05,SIMLAPAL,100242.0,,,,,,22.9667,87.2667
2024-01-05,BALOD,100243.0,,,,,,21.6667,82.7833
2024-01-05,BHATAPARA,100244.0,,,,,,21.7333,81.9333
2024-01-05,DHAMTARI,100245.0,,,,,,20.7333,81.4833
2024-01-05,KAWARADHA,100246.0,,,0.0,,,22.0333,81.2333
2024-01-05,KURUD,100247.0,,,,,,20.8333,81.7167
2024-01-05,MUNGELI,100248.0,,,,,,22.0667,81.6833
2024-01-05,NAVAPARA,100249.0,,,,,,20.9667,82.1167
2024-01-05,PATELPALI RAIGARH,100250.0,,,,,,21.8667,83.3667
2024-01-05,RAJIM,100251.0,,,,,,20.9667,81.8833
2024-01-05,HIMMATNAGAR,100252.0,,,,,,23.5833,72.9667
2024-01-05,VADALI APMC,100253.0,,,,,,23.9333,73.0333
2024-01-05,ADAMPUR,100254.0,,,,,,29.2833,75.4667
2024-01-05,ASANDH,100255.0,,,,,,29.5333,76.6167
2024-01-05,ATELI APMC,100256.0,,,,,,28.1,76.25
2024-01-05,BHATTU KALAN APMC,100257.0,,,,,,29.3833,75.35
2024-01-05,CH DADRI,100258.0,,,,,,28.5833,76.2667
2024-01-05,CHEEKA,100259.0,,,,,,29.9167,76.2333
2024-01-05,CHHACHHRAULI,100260.0,,,,,,30.2333,77.3667
2024-01-05,DABWALI,100261.0,,,,,,29.9667,74.6833
2024-01-05,DHAND,100262.0,,,,,,29.8833,76.6167
2024-01-05,ELLANABAD,100263.0,,,,,,29.4667,74.6667
2024-01-05,FATEHABAD,100264.0,,,5.3,,,29.5167,75.45
2024-01-05,FEROZPUR JHIRKA APMC,100265.0,,,,,,27.8,76.95
2024-01-05,GANAUR,100266.0,,,,,,29.1333,77.0167
2024-01-05,GOHANA,100267.0,,,,,,29.15,76.6833
2024-01-05,HODAL,100268.0,,,,,,28.5667,77.2
2024-01-05,INDRI,100269.0,,,,,,29.8833,77.05
2024-01-05,ISMAILABAD,100270.0,,,,,,30.1167,76.6667
2024-01-05,ISRANA APMC,100271.0,,,,,,29.2833,76.85
2024-01-05,JAGADHRI APMC,100272.0,,,,,,30.15,77.2833
2024-01-05,JAKHAL,100273.0,,,,,,29.8,75.8167
2024-01-05,JHAJJAR,100274.0,10.1,,9.5,,99.0,28.6,76.6667
2024-01-05,JIND,100275.0,,,,,,29.4667,76.05
2024-01-05,JULANA,100276.0,,,,,,29.1333,76.3833
2024-01-05,KAITHAL,100277.0,,,,,,29.5667,76.2667
2024-01-05,KALANWALI,100278.0,,,,,,29.8333,74.9833
2024-01-05,KALAYAT,100279.0,,,,,,29.6833,76.2333
2024-01-05,KANINA APMC,100280.0,,,,,,28.3167,76.3
2024-01-05,KOSLI APMC,100281.0,,,,,,28.4167,76.4667
2024-01-05,LADWA,100282.0,,,,,,29.9833,77.05
2024-01-05,MADLAUDA,100283.0,,,,,,29.4167,76.8167
2024-01-05,MEHAM APMC,100284.0,,,,,,28.9667,76.3167
2024-01-05,MOHINDERGARH APMC,100285.0,,,,,,28.2833,76.15
2024-01-05,MULLANA,100286.0,,,,,,30.2667,77.0333
2024-01-05,NARAINGARH APMC,100287.0,,,,,,30.4833,77.1167
2024-01-05,NARNAUND,100288.0,,,,,,29.2167,76.1333
2024-01-05,NARWANA,100289.0,,,,,,29.5833,76.1167
2024-01-05,NIGDHU APMC,100290.0,,,,,,29.8333,76.7333
2024-01-05,NISSING,100291.0,,,,,,29.75,76.7833
2024-01-05,NUH APMC,100292.0,,,,,,28.1,77.0167
2024-01-05,PAI APMC,100293.0,,,,,,29.7,76.5333
2024-01-05,PALWAL,100294.0,,,,,,28.1333,77.3333
2024-01-05,PANCHKULA APMC,100295.0,,,6.9,,,30.6667,76.8667
2024-01-05,PEHOWA,100296.0,,,,,,29.9833,76.5833
2024-01-05,PILLUKHERA,100297.0,,,,,,29.35,76.4833
2024-01-05,PUNDRI,100298.0,,,,,,29.7667,76.5667
2024-01-05,PUNHANA APMC,100299.0,,,,,,27.8667,77.2
2024-01-05,RAIPUR RANI APMC,100300.0,,,,,,30.5833,77.0167
2024-01-05,RANIA,100301.0,,,,,,29.5167,74.8333
2024-01-05,RATIA,100302.0,,,,,,29.6833,75.5667
2024-01-05,REWARI,100303.0,,,,,,28.1833,76.6
2024-01-05,SADHAURA APMC,100304.0,,,,,,30.3833,77.2167
2024-01-05,SAFIDON,100305.0,,,,,,29.4167,76.6667
2024-01-05,SAMALKHA,100306.0,,,,,,29.2333,77.0167
2024-01-05,SHAHBAD,100307.0,,,,,,30.1667,76.8667
2024-01-05,SHAHZADPUR APMC,100308.0,,,,,,30.45,77.0167
2024-01-05,SIWANI,100309.0,,,,,,28.9167,75.6
2024-01-05,SONEPAT,100310.0,,,,,,29.1333,77.0167
2024-01-05,TAURU APMC,100311.0,,,,,,28.2167,76.9667
2024-01-05,TOHANA,100312.0,,,,,,29.7167,75.9
2024-01-05,UCHANA,100313.0,,,7.3,,,29.4667,76.1833
2024-01-05,UKLANA APMC,100314.0,,,,,,29.5,75.9167
2024-01-05,YAMUNA NAGAR APMC,100315.0,,,,,,30.1333,77.2667
2024-01-05,NARWAL,100316.0,,,,,,32.7167,74.9
2024-01-05,PARIMPORA SGR,100317.0,,,,,,34.0833,74.7833
2024-01-05,AGAR,100318.0,,,,,,23.7167,76.0167
2024-01-05,ASHTA,100319.0,,,,,,23.0167,76.7167
2024-01-05,BALAGHAT,100320.0,,,,,,21.7833,80.2
2024-01-05,BARELI,100321.0,,,,,,22.9833,78.2333
2024-01-05,BIAORA,100322.0,,,,,,23.9167,76.9167
2024-01-05,BINA,100323.0,,,,,,24.1833,78.2167
2024-01-05,BURHANPUR,100324.0,,,,,,21.3333,76.15
2024-01-05,CHHINDWARA,100325.0,0.0,,0.0,,0.0,22.0667,78.9667
2024-01-05,DABRA,100326.0,,,,,,25.8667,78.25
2024-01-05,DAMOH,100327.0,,,,,,23.8333,79.4167
2024-01-05,DATIA,100328.0,,,,,,25.6667,78.4667
2024-01-05,GADARWARA,100329.0,,,,,,22.9167,78.7833
2024-01-05,HARDA,100330.0,,,,,,22.35,77.1
2024-01-05,ITARSI,100331.0,,,,,,22.6333,77.7667
2024-01-05,JAORA,100332.0,,,,,,23.6333,75.1333
2024-01-05,KATNI,100333.0,,,,,,23.8667,80.3667
2024-01-05,KHARGONE,100334.0,,,,,,22.1167,75.6
2024-01-05,KHATEGAON,100335.0,,,,,,22.6,76.9
2024-01-05,KHIRKIYA,100336.0,,,,,,22.1667,76.8667
2024-01-05,KRISHI UPAJ MANDI SAMITI-ANJAD,100337.0,,,,,,22.2167,75.1667
2024-01-05,KRISHI UPAJ MANDI SAMITI-BADWAHA,100338.0,,,,,,22.25,76.0333
2024-01-05,KRISHI UPAJ MANDI SAMITI-BANAPURA,100339.0,,,,,,22.4833,77.4833
2024-01-05,KRISHI UPAJ MANDI SAMITI-BHIKANGAON,100340.0,,,,,,21.8667,75.9667
2024-01-05,KRISHI UPAJ MANDI SAMITI-KARELI,100341.0,,,,,,22.9333,79.05
2024-01-05,KRISHI UPAJ MANDI SAMITI-KARHI,100342.0,,,,,,22.2667,75.8
2024-01-05,KRISHI UPAJ MANDI SAMITI-KUKSHI,100343.0,,,,,,22.2,74.7667
2024-01-05,KRISHI UPAJ MANDI SAMITI-NASRULLAGANJ,100344.0,,,,,,22.6833,77.2667
2024-01-05,KRISHI UPAJ MANDI SAMITI-PANDHURNA,100345.0,,,,,,21.5833,78.5167
2024-01-05,KRISHI UPAJ MANDI SAMITI-SANAWAD,100346.0,,,,,,22.1833,76.0667
2024-01-05,KRISHI UPAJ MANDI SAMITI-SAUNSAR,100347.0,,,,,,21.6667,78.8167
2024-01-05,KRISHI UPAJ MANDI SAMITI-SINGRAULI,100348.0,,,,,,24.0667,82.6167
2024-01-05,KRISHI UPAJ MANDI SAMITI-UDAIPURA,100349.0,,,,,,23.0667,78.5167
2024-01-05,MANDSAUR,100350.0,,,,,,24.1,75.05
2024-01-05,MHOW,100351.0,,,,,,22.5333,75.7333
2024-01-05,NEEMUCH,100352.0,,,,,,24.4667,74.85
2024-01-05,PIPARIYA,100353.0,,,,,,22.75,78.35
2024-01-05,RATLAM,100354.0,,,,,,23.3333,75.0333
2024-01-05,SENDHWA,100355.0,,,,,,22.05,74.9
2024-01-05,SHAJAPUR,100356.0,,,13.9,,,23.4333,76.3
2024-01-05,SHEOPURKALAN,100357.0,,,,,,25.6667,76.6667
2024-01-05,SHUJALPUR,100358.0,,,,,,23.3833,76.7333
2024-01-05,TIKAMGARH,100359.0,,,,,,24.7667,78.8167
2024-01-05,TIMARNI,100360.0,,,,,,22.3667,77.2167
2024-01-05,AATPADI,100361.0,,,,,,17.0333,74.6
2024-01-05,AHERI,100362.0,,,,,,19.4167,79.9833
2024-01-05,AMALNER,100363.0,,,,,,21.0,74.9833
2024-01-05,ARJUNI MORGOAN,100364.0,,,,,,20.8167,80.0167
2024-01-05,AUSA,100365.0,,,,,,18.2333,76.5
2024-01-05,BARAMATI,100366.0,,,,,,18.15,74.5833
2024-01-05,CHAMORSHI,100367.0,,,,,,19.9333,79.9
2024-01-05,CHANDVAD,100368.0,,,,,,20.1333,74.2333
2024-01-05,CHIKHALI,100369.0,,,,,,20.3333,76.2667
2024-01-05,DEVALA,100370.0,,,,,,20.4667,74.1667
2024-01-05,DIGRAS,100371.0,,,,,,20.1167,77.7167
2024-01-05,DONDAICHA,100372.0,,,,,,21.3333,74.5667
2024-01-05,DOUND,100373.0,,,,,,18.4667,74.5667
2024-01-05,GEVRAI,100374.0,,,,,,19.2667,75.75
2024-01-05,KANNAD,100375.0,,,,,,20.2667,75.1333
2024-01-05,LONAND,100376.0,,,,,,18.0333,74.1833
2024-01-05,MANGALWEDHA,100377.0,,,,,,20.5833,74.2
2024-01-05,MANGRULPEER,100378.0,,,,,,20.3167,77.3333
2024-01-05,MANORA,100379.0,,,,,,20.2167,77.5667
2024-01-05,NANDURBAR,100380.0,,,,,,21.3667,74.25
2024-01-05,RISOD,100381.0,,,,,,19.9833,76.7833
2024-01-05,SINDI,100382.0,,,,,,20.8167,78.8833
2024-01-05,VARORA,100383.0,,,,,,20.2333,79.0
2024-01-05,WASHIM,100384.0,,,,,,20.1,77.1333
2024-01-05,YEOLA,100385.0,,,,,,20.05,74.4833
2024-01-05,ANANDAPUR,100386.0,,,,,,21.1833,86.1167
2024-01-05,BAHADAJHOLA,100387.0,,,,,,20.0833,84.9167
2024-01-05,BALUGAON,100388.0,,,,,,19.7333,85.2167
2024-01-05,BARIPADA,100390.0,,,,,,21.9333,86.7667
2024-01-05,BETNOTI,100391.0,,,,,,21.7333,86.8333
2024-01-05,BHADRAK,100392.0,,,,,,21.0667,86.5167
2024-01-05,BONAI,100393.0,,,,,,21.7833,84.9333
2024-01-05,DUNGURIPALI,100395.0,,,,,,21.0333,83.55
2024-01-05,GUNUPUR,100396.0,,,,,,19.0833,83.8167
2024-01-05,JALESWAR,100399.0,,,,,,21.8,87.2333
2024-01-05,KUCHINDA,100401.0,,,,,,21.75,84.3667
2024-01-05,MALKANGIRI,100402.0,,,,,,18.3333,81.8833
2024-01-05,NIMAPARA,100404.0,,,,,,20.0667,86.0167
2024-01-05,PADAMPUR OD,100405.0,,,,,,21.0,84.9333
2024-01-05,PANPOSH,100406.0,,,,,,22.2333,84.7667
2024-01-05,PARALAKHEMUNDI,100407.0,30.9,,14.3,,69.0,18.7833,84.0833
2024-01-05,RAYAGADA,100408.0,,,,,,19.1833,83.4167
2024-01-05,TIKABALI,100409.0,,,,,,19.8,84.3667
2024-01-05,UDALA,100410.0,,,,,,21.5667,86.5667
2024-01-05,THATTANCHAVADY,100411.0,,,,,,11.9167,79.8167
2024-01-05,ABOHAR,100412.0,,,,,,30.15,74.1833
2024-01-05,AMLOH APMC,100413.0,,,,,,30.6167,76.2333
2024-01-05,BARNALA,100414.0,,,,,,30.3667,75.5333
2024-01-05,BHIKHI APMC,100415.0,,,,,,30.0667,75.5333
2024-01-05,BUDHLADA APMC,100416.0,,,,,,29.9167,75.55
2024-01-05,FARIDKOT APMC,100417.0,14.8,,7.8,,,30.6833,74.7667
2024-01-05,FATHEGARH SAHIB,100418.0,10.2,,6.9,,100.0,30.7167,76.4167
2024-01-05,FAZILKA,100419.0,,,,,,30.4,74.0333
2024-01-05,GIDDERBAHA,100420.0,,,,,,30.2,74.6667
2024-01-05,GURDASPUR APMC,100421.0,,,6.0,,,32.05,75.4333
2024-01-05,HOSHIYARPUR,100422.0,,,,,,31.5167,75.9
2024-01-05,KHANNA APMC,100423.0,,,,,,30.7167,76.2167
2024-01-05,KOTKAPURA APMC,100424.0,,,,,,30.5833,74.8333
2024-01-05,MALOUT APMC,100425.0,,,,,,30.2,74.5
2024-01-05,MANSA,100426.0,,,,,,29.9833,75.3833
2024-01-05,MAUR,100427.0,,,,,,30.0667,75.2167
2024-01-05,MOGA APMC,100428.0,,,,,,30.8333,75.1667
2024-01-05,MUKTSAR,100429.0,,,,,,30.4833,74.5167
2024-01-05,NAWANSHAHR MARKET,100430.0,,,,,,31.1167,76.1167
2024-01-05,RAMAN APMC,100431.0,,,,,,29.9667,74.9667
2024-01-05,RAMPURA PHUL,100432.0,,,,,,30.2667,75.2333
2024-01-05,ROPAR,100433.0,,,,,,30.95,76.5333
2024-01-05,SANGRUR,100434.0,,,,,,30.2333,75.8333
2024-01-05,SARDULGARH APMC,100435.0,,,,,,29.6833,75.2333
2024-01-05,TAPPA,100436.0,,,,,,30.2833,75.3667
2024-01-05,TARN TARAN APMC,100437.0,,,,,,31.4667,74.9333
2024-01-05,AMMOOR,100438.0,,,,,,12.9333,79.2667
2024-01-05,ANAIMALAI,100439.0,,,,,,10.5833,76.9333
2024-01-05,ANNUR,100440.0,,,,,,11.25,77.1167
2024-01-05,ANTHIYUR,100441.0,,,,,,11.3333,77.6667
2024-01-05,ARANI,100442.0,,,,,,12.0667,79.2833
2024-01-05,AVALURPET,100443.0,,,,,,12.85,79.2333
2024-01-05,CHETPET,100444.0,,,,,,12.5167,79.3667
2024-01-05,CHEYYAR,100445.0,,,,,,11.1,77.55
2024-01-05,CUMBUM,100446.0,,,,,,9.7167,77.2667
2024-01-05,DESUR,100447.0,,,,,,10.7833,79.4833
2024-01-05,DINDIGUL,100448.0,,,,,,10.35,77.95
2024-01-05,ERODE,100449.0,,,,,,10.2333,80.2167
2024-01-05,GINGEE,100450.0,,,,,,12.2333,79.6333
2024-01-05,GOBICHETTIPALAYAM,100451.0,,,,,,11.4667,77.4333
2024-01-05,GUDIYATHAM,100452.0,,,,,,10.6667,78.8833
2024-01-05,HARUR,100453.0,,,,,,12.5167,78.4833
2024-01-05,KALAVAI,100454.0,,,,,,12.7667,79.4167
2024-01-05,KALLAKURICHI,100455.0,,,,,,11.7333,78.95
2024-01-05,KAMUTHI,100456.0,,,,,,11.2833,78.3667
2024-01-05,KANCHEEPURAM,100457.0,,,,,,10.0167,80.2333
2024-01-05,KILPENNATHUR,100458.0,,,,,,11.7333,79.1833
2024-01-05,KUTHALAM,100459.0,,,,,,12.15,79.5667
2024-01-05,LALGUDI,100460.0,,,,,,10.8833,78.8
2024-01-05,MADURAI,100461.0,,,,,,9.9167,78.1333
2024-01-05,MAYILADUTHURAI,100463.0,,,,,,12.6833,79.65
2024-01-05,MOOLANUR,100464.0,,,,,,12.1167,77.7
2024-01-05,MUDHUKALATHUR,100465.0,,,,,,12.0333,78.5167
2024-01-05,NATHAM,100466.0,,,,,,12.3333,78.2333
2024-01-05,ODDANCHATRAM,100467.0,,,,,,18.1333,77.75
2024-01-05,PALANI,100468.0,,,,,,18.5167,77.5167
2024-01-05,PANRUTI,100469.0,,,,,,17.0667,79.55
2024-01-05,PARAMAKUDI,100470.0,,,,,,9.5333,78.6
2024-01-05,PARAMATHI VELUR,100471.0,,,,,,11.1167,78.0
2024-01-05,PERUNDURAI,100472.0,,,,,,11.2833,77.5667
2024-01-05,PETHAPPAMPATTI,100473.0,,,,,,10.9333,77.4333
2024-01-05,POLLACHI,100474.0,,,,,,27.1,77.0167
2024-01-05,POLUR,100475.0,,,,,,28.7333,79.1333
2024-01-05,RAJAPALAYAM,100476.0,,,,,,26.8667,77.5333
2024-01-05,RAJASINGAMANGALAM,100477.0,,,,,,28.2167,78.85
2024-01-05,SANKARAPURAM,100478.0,,,,,,27.4333,78.9167
2024-01-05,SATHYAMANGALAM,100479.0,,,,,,11.4833,77.2333
2024-01-05,SEMBANARKOIL,100480.0,,,,,,12.4667,79.7333
2024-01-05,SIRKALI,100481.0,,,,,,28.5333,79.7167
2024-01-05,THENI,100482.0,,,,,,26.7667,77.4833
2024-01-05,THIRUKOVILUR,100483.0,,,,,,11.0167,77.0167
2024-01-05,THIRUPATHUR,100484.0,,,,,,27.0667,78.5667
2024-01-05,THIRUPPUR,100485.0,,,,,,11.1,77.35
2024-01-05,THIYAGADURGAM,100486.0,,,,,,26.7167,79.0833
2024-01-05,TINDIVANAM,100487.0,,,,,,13.0167,79.3833
2024-01-05,UDUMALPET,100488.0,,,,,,10.6667,77.0167
2024-01-05,ULUNDURPETTAI,100489.0,,,,,,11.6833,79.2833
2024-01-05,USILAMPATTI,100490.0,,,,,,27.7333,77.7833
2024-01-05,VANDAVASI,100491.0,,,,,,29.6167,79.6
2024-01-05,VANIYAMBADI,100492.0,,,,,,27.2833,78.6167
2024-01-05,VELLAKOIL,100493.0,,,,,,11.1833,77.7667
2024-01-05,VETTAVALAM,100495.0,,,,,,27.4167,79.2333
2024-01-05,VIKIRAVANDI,100496.0,,,,,,28.5833,79.5333
2024-01-05,VILLUPURAM,100497.0,,,,,,27.5333,79.4833
2024-01-05,VIRUDHACHALAM,100498.0,,,,,,11.5167,79.3167
2024-01-05,VIRUDHUNAGAR,100499.0,,,,,,26.5333,77.9667
2024-01-05,ACHAMPET,100500.0,,,,,,16.4,78.6333
2024-01-05,ATMAKUR,100501.0,,,,,,15.8667,78.5833
2024-01-05,BADEPALLY,100502.0,,,,,,16.7667,78.15
2024-01-05,BHAINSA,100503.0,,,,,,19.1167,77.9667
2024-01-05,CHOPPADANDI,100504.0,,,,,,18.5833,79.1667
2024-01-05,DEVARAKADRA,100505.0,,,,,,16.6167,77.8333
2024-01-05,DEVARAKONDA,100506.0,,,,,,16.7167,78.9167
2024-01-05,ECHODA,100507.0,,,,,,18.1833,79.7167
2024-01-05,ENKOOR,100508.0,,,,,,19.4333,78.4667
2024-01-05,GADDIANNARAM,100509.0,,,,,,17.3333,80.4333
2024-01-05,GADWAL,100510.0,,,,,,16.2167,77.8
2024-01-05,GAJWEL,100511.0,,,,,,17.85,78.6667
2024-01-05,GANGADHARA,100512.0,,,,,,18.5833,79.0167
2024-01-05,GOLLAPALLY,100513.0,,,,,,18.7833,79.05
2024-01-05,GUDIMALKAPUR,100514.0,,,,,,17.3667,78.5167
2024-01-05,HUSNABAD,100515.0,,,,,,17.3833,78.4333
2024-01-05,JAGTIAL,100516.0,30.8,,17.7,,54.0,18.7833,78.9
2024-01-05,JAMMIKUNTA,100517.0,,,,,,18.2833,79.4667
2024-01-05,JANGAON,100518.0,,,,,,17.7333,79.1167
2024-01-05,KALWAKURTHY,100519.0,,,,,,16.6667,78.4833
2024-01-05,KAMAREDDY,100520.0,,,,,,18.3167,78.3333
2024-01-05,KARIMNAGAR,100521.0,,,19.9,,,18.4333,79.1333
2024-01-05,KESAMUDRAM,100522.0,,,,,,17.6833,79.8667
2024-01-05,MADNOOR,100523.0,,,,,,18.1333,79.2167
2024-01-05,MAHABUBABAD,100524.0,,,,,,17.6,80.0
2024-01-05,MAKTHAL,100525.0,,,,,,16.5,77.5167
2024-01-05,METPALLY,100526.0,,,,,,18.85,78.6333
2024-01-05,MIRYALAGUDA,100527.0,,,,,,16.8667,79.5667
2024-01-05,NAGARKURNOOL,100528.0,,,,,,16.4833,78.3167
2024-01-05,NAKREKAL,100529.0,,,,,,17.2167,79.4167
2024-01-05,NARAYANPET,100530.0,,,,,,16.7333,77.4833
2024-01-05,NARSAMPET,100531.0,,,,,,17.9167,79.9
2024-01-05,NAWABPET,100532.0,,,,,,16.35,78.0667
2024-01-05,PARGI,100533.0,,,,,,17.0667,79.2667
2024-01-05,PARKAL,100534.0,,,,,,17.1833,77.8833
2024-01-05,SADASIVPET,100535.0,,,,,,17.6167,77.9667
2024-01-05,SHADNAGAR,100536.0,,,,,,17.0667,78.2
2024-01-05,SHANKARAPALLY,100537.0,,,,,,17.45,78.1333
2024-01-05,SIDDIPET,100538.0,,,,,,18.1167,78.8667
2024-01-05,SURYAPETA,100539.0,,,,,,17.1333,79.6333
2024-01-05,TANDUR,100540.0,29.1,,13.7,,38.0,17.2667,77.5667
2024-01-05,TIRUMALGIRI,100541.0,,,,,,16.7167,79.3333
2024-01-05,VATPALLY,100542.0,,,,,,17.9,77.8667
2024-01-05,VIKARABAD,100543.0,,,,,,17.3333,77.9
2024-01-05,WANAPARTHY ROAD,100544.0,,,,,,16.3667,78.0667
2024-01-05,WANAPARTHY TOWN,100545.0,,,,,,16.3667,78.0667
2024-01-05,ZAHEERABAD,100546.0,,,,,,17.6833,77.6167
2024-01-05,JALNA,100547.0,,,17.5,,,19.8667,75.9
2024-01-05,PARTUR,100548.0,,,,,,19.5833,76.2167
2024-01-05,TUMSAR,100549.0,,,,,,21.3667,79.7333
2024-01-05,RAJSAMAND,100550.0,,,,,,25.0667,73.9167
2024-01-05,RIDMALSAR,100551.0,,,,,,29.5667,73.7333
2024-01-05,AMROHA APMC,100553.0,,,,,,28.9667,78.2667
2024-01-05,AYODHYA,100554.0,,,,,,26.7667,82.1167
2024-01-05,GONDA,100555.0,,,,,,27.1333,81.9667
2024-01-05,JAHANGIRABAD,100556.0,,,,,,28.3833,78.1167
2024-01-05,KOPAGANJ,100557.0,,,,,,26.0167,83.5667
2024-01-05,MOHAMADABAD APMC,100558.0,,,,,,27.3,79.45
2024-01-05,NOIDA APMC,100559.0,,,,,,28.5333,77.4167
2024-01-05,PILIBHIT,100560.0,,,,,,28.6167,79.8
2024-01-05,SAHARANPUR,100561.0,,,,,,29.9833,77.5
2024-01-05,Allain Duhangan,101000.0,,,,,,30.2333,78.8333
2024-01-05,Bajoli Holi,101002.0,,,6.0,,,32.2667,76.6667
2024-01-05,BASPA,101003.0,,,-1.0,,,31.4167,78.2333
2024-01-05,BUDHIL,101004.0,,,7.0,,,32.45,76.5333
2024-01-05,CHAMERA-III,101005.0,,,2.0,,,32.4667,76.4333
2024-01-05,CHANJU-I,101006.0,,,-4.0,,,32.7333,76.2
2024-01-05,CHUJACHEN,101007.0,,,,,,27.2,88.7
2024-01-05,CHUTAK,101008.0,4.0,,,,15.0,34.45,76.0833
2024-01-05,DHAULIA GANGA,101009.0,,,,,,29.9667,80.5667
2024-01-05,DIKCHU,101010.0,,,,,,27.4,88.5833
2024-01-05,INTEGRATED KASHANG,101011.0,,,-4.0,,,31.5833,78.25
2024-01-05,KAMENG-Bichom Dam,101012.0,,,,,,27.3,92.6167
2024-01-05,KAMENG-Tenga Dam,101013.0,,,,,,27.2167,92.65
2024-01-05,KARCHAM WANGTOO,101014.0,,,3.0,,,31.4833,78.1667
2024-01-05,Kiru,101015.0,0.2,,,,18.0,33.3333,75.95
2024-01-05,KISHANGANGA,101016.0,,,-2.4,,,34.65,74.75
2024-01-05,Kutehr,101017.0,,,6.0,,,32.3333,76.5167
2024-01-05,MALANA,101018.0,,,,,,32.1,77.25
2024-01-05,MALANA-II,101019.0,,,,,,32.0333,77.25
2024-01-05,MANERIBHALI-I,101020.0,,,,,,30.7333,78.5167
2024-01-05,MANERIBHALI-II (DHARASU),101021.0,,,,,,30.7167,78.4167
2024-01-05,Naitwar Mori,101022.0,,,,,,31.05,78.0333
2024-01-05,NATHPA JHAKRI,101023.0,,,4.0,,,31.55,77.9667
2024-01-05,NIMOO BAZGO,101024.0,0.4,,,,21.0,34.2,77.1833
2024-01-05,Pakal Dul,101025.0,,,0.2,,,33.45,75.8
2024-01-05,Parbati St. II,101026.0,,,1.0,,,31.9833,77.45
2024-01-05,RANGANADI,101027.0,,,,,,27.5,93.8167
2024-01-05,RANGIT,101028.0,,,,,,27.2833,88.2833
2024-01-05,RONGNICHU,101029.0,,,,,,27.1667,88.5333
2024-01-05,SAINJ,101030.0,,,0.0,,,31.7833,77.3167
2024-01-05,SANJAY (BHABA),101031.0,,,0.0,,,31.6167,78.0167
2024-01-05,SAWRA KUDDU,101032.0,,,8.0,,,31.1167,77.75
2024-01-05,SEWA-II,101033.0,,,0.2,,,32.6,75.8
2024-01-05,SHANAN,101034.0,,,3.0,,,32.0167,76.8333
2024-01-05,Shongtong Karcham,101035.0,,,0.0,,,31.5333,78.2667
2024-01-05,SHRINAGAR,101036.0,,,,,,32.25,77.2333
2024-01-05,SINGOLI BHATWARI,101037.0,,,,,,30.4,79.0333
2024-01-05,Sorang,101038.0,,,5.0,,,31.5833,77.8667
2024-01-05,Subansiri Lower,101039.0,,,,,,27.55,94.25
2024-01-05,Tapovan Vishnugad,101040.0,,,,,,30.4833,79.6167
2024-01-05,TASHIDING,101041.0,,,,,,27.3333,88.2167
2024-01-05,TEESTA III,101042.0,,,,,,27.6,88.65
2024-01-05,Tidong-I,101043.0,,,-6.0,,,31.55,78.3667
2024-01-05,UPPER SINDH-II,101044.0,,,-4.8,,,34.2167,75.0167
2024-01-05,Vishnugad Pipalkoti,101045.0,,,,,,30.5,79.4833
2024-01-05,VISHNUPRAYAG,101046.0,,,,,,30.6667,79.5
2024-01-05,Vyasi,101047.0,,,,,,30.5167,77.8833
2024-01-05,Abbott Mount,101048.0,,,,,,29.4333,80.0833
2024-01-05,Asan Bird Sanctuary,101049.0,,,,,,30.4333,77.6667
2024-01-05,Auli,101050.0,,,,,,30.7333,77.8833
2024-01-05,Badrinath,101051.0,,,,,,30.7333,79.2833
2024-01-05,Bageshwar,101052.0,,,,,,29.8333,79.7667
2024-01-05,Baijnath,101053.0,,,,,,29.9167,79.6167
2024-01-05,Bhimtal,101054.0,,,,,,29.35,79.5667
2024-01-05,Bhowali,101055.0,,,,,,29.3833,79.5
2024-01-05,Binsar,101056.0,,,,,,29.8667,79.8167
2024-01-05,Chakrata,101057.0,,,,,,30.7,77.8667
2024-01-05,Chaukori,101059.0,,,,,,29.8333,78.8833
2024-01-05,Chopta,101060.0,,,,,,29.95,79.0833
2024-01-05,Corbett National Park,101061.0,,,,,,29.5333,78.9333
2024-01-05,Devprayag,101062.0,,,,,,30.15,78.6
2024-01-05,Dhanaulti,101063.0,,,,,,30.4333,78.25
2024-01-05,Dharchula,101064.0,,,,,,29.85,80.5167
2024-01-05,Gangotri,101065.0,,,,,,31.0,78.9333
2024-01-05,Ghangaria,101066.0,,,,,,30.7,79.5833
2024-01-05,Gopeshwar,101067.0,,,,,,30.4167,79.3167
2024-01-05,Guptkashi,101068.0,,,,,,30.5167,79.0833
2024-01-05,Gwaldam,101069.0,,,,,,30.0167,79.5667
2024-01-05,Harsil,101070.0,,,,,,31.0333,78.7333
2024-01-05,Hemkund Sahib,101071.0,,,,,,29.95,78.15
2024-01-05,Jageshwar,101072.0,,,,,,29.6333,79.85
2024-01-05,Jeolikot,101073.0,,,,,,29.3333,79.4833
2024-01-05,Kanatal,101074.0,,,,,,30.4167,78.35
2024-01-05,Kedarnath,101075.0,,,,,,30.7167,79.0667
2024-01-05,Khirsu,101076.0,,,,,,30.1667,78.8667
2024-01-05,Lohaghat,101077.0,,,,,,29.4,80.0833
2024-01-05,Madhyamaheshwar,101078.0,,,,,,30.6333,79.2167
2024-01-05,Munsiyari,101079.0,,,,,,30.6,80.15
2024-01-05,Piran Kaliyar Sharif Dargah,101080.0,,,,,,29.9167,77.9333
2024-01-05,Rajaji National Park,101081.0,,,,,,30.05,78.1667
2024-01-05,Ranikhet,101083.0,,,,,,29.6333,79.4333
2024-01-05,Sattal,101084.0,,,,,,29.3667,79.5333
2024-01-05,Tanakpur,101085.0,,,,,,29.0667,80.1167
2024-01-05,Udham Singh Nagar,101086.0,,,,,,28.9667,79.5167
2024-01-05,Valley Of Flowers,101087.0,,,,,,30.7,79.5833
2024-01-05,Yamunotri,101088.0,,,,,,31.0167,78.4
